"Vuosi","Sukupuoli","Puolue","Osuus ��nist� (%) Koko maa","Osuus ��nist� (%) VP01 Helsingin vaalipiiri","Osuus ��nist� (%) KU091 Helsinki","Osuus ��nist� (%) VP02 Uudenmaan vaalipiiri","Osuus ��nist� (%) KU018 Askola","Osuus ��nist� (%) KU049 Espoo","Osuus ��nist� (%) KU078 Hanko","Osuus ��nist� (%) KU092 Vantaa","Osuus ��nist� (%) KU106 Hyvink��","Osuus ��nist� (%) KU149 Inkoo","Osuus ��nist� (%) KU186 J�rvenp��","Osuus ��nist� (%) KU224 Karkkila","Osuus ��nist� (%) KU235 Kauniainen","Osuus ��nist� (%) KU245 Kerava","Osuus ��nist� (%) KU257 Kirkkonummi","Osuus ��nist� (%) KU407 Lapinj�rvi","Osuus ��nist� (%) KU434 Loviisa","Osuus ��nist� (%) KU424 Liljendal -10","Osuus ��nist� (%) KU585 Pernaja -10","Osuus ��nist� (%) KU701 Ruotsinpyht�� -10","Osuus ��nist� (%) KU444 Lohja","Osuus ��nist� (%) KU427 Lohja -97","Osuus ��nist� (%) KU428 Lohjan kunta -97","Osuus ��nist� (%) KU737 Sammatti -09","Osuus ��nist� (%) KU223 Karjalohja -13","Osuus ��nist� (%) KU540 Nummi-Pusula -13","Osuus ��nist� (%) KU504 Myrskyl�","Osuus ��nist� (%) KU505 M�nts�l�","Osuus ��nist� (%) KU543 Nurmij�rvi","Osuus ��nist� (%) KU611 Pornainen","Osuus ��nist� (%) KU616 Pukkila","Osuus ��nist� (%) KU638 Porvoo","Osuus ��nist� (%) KU612 Porvoo -97","Osuus ��nist� (%) KU613 Porvoon mlk -97","Osuus ��nist� (%) KU710 Raasepori","Osuus ��nist� (%) KU220 Karjaa -09","Osuus ��nist� (%) KU606 Pohja -09","Osuus ��nist� (%) KU835 Tammisaari -09","Osuus ��nist� (%) KU842 Tenhola -93","Osuus ��nist� (%) KU753 Sipoo","Osuus ��nist� (%) KU755 Siuntio","Osuus ��nist� (%) KU858 Tuusula","Osuus ��nist� (%) KU927 Vihti","Osuus ��nist� (%) VP03 Varsinais-Suomen vaalipiiri","Osuus ��nist� (%) KU019 Aura","Osuus ��nist� (%) KU202 Kaarina","Osuus ��nist� (%) KU602 Piikki� -09","Osuus ��nist� (%) KU284 Koski Tl","Osuus ��nist� (%) KU304 Kustavi","Osuus ��nist� (%) KU322 Kemi�nsaari","Osuus ��nist� (%) KU040 Dragsfj�rd -09","Osuus ��nist� (%) KU243 Kemi� -09","Osuus ��nist� (%) KU923 V�stanfj�rd -09","Osuus ��nist� (%) KU400 Laitila","Osuus ��nist� (%) KU423 Lieto","Osuus ��nist� (%) KU838 Tarvasjoki -15","Osuus ��nist� (%) KU430 Loimaa","Osuus ��nist� (%) KU431 Loimaan kunta -05","Osuus ��nist� (%) KU006 Alastaro -09","Osuus ��nist� (%) KU482 Mellil� -09","Osuus ��nist� (%) KU445 Parainen","Osuus ��nist� (%) KU101 Houtskari -09","Osuus ��nist� (%) KU150 Ini� -09","Osuus ��nist� (%) KU279 Korppoo -09","Osuus ��nist� (%) KU533 Nauvo -09","Osuus ��nist� (%) KU573 Parainen -09","Osuus ��nist� (%) KU480 Marttila","Osuus ��nist� (%) KU481 Masku","Osuus ��nist� (%) KU017 Askainen -09","Osuus ��nist� (%) KU419 Lemu -09","Osuus ��nist� (%) KU503 Myn�m�ki","Osuus ��nist� (%) KU490 Mietoinen -07","Osuus ��nist� (%) KU529 Naantali","Osuus ��nist� (%) KU485 Merimasku -09","Osuus ��nist� (%) KU705 Rym�ttyl� -09","Osuus ��nist� (%) KU920 Velkua -09","Osuus ��nist� (%) KU538 Nousiainen","Osuus ��nist� (%) KU561 Orip��","Osuus ��nist� (%) KU577 Paimio","Osuus ��nist� (%) KU631 Pyh�ranta","Osuus ��nist� (%) KU636 P�yty�","Osuus ��nist� (%) KU219 Karinainen -05","Osuus ��nist� (%) KU979 Yl�ne -09","Osuus ��nist� (%) KU680 Raisio","Osuus ��nist� (%) KU704 Rusko","Osuus ��nist� (%) KU906 Vahto -09","Osuus ��nist� (%) KU734 Salo","Osuus ��nist� (%) KU073 Halikko -09","Osuus ��nist� (%) KU252 Kiikala -09","Osuus ��nist� (%) KU259 Kisko -09","Osuus ��nist� (%) KU308 Kuusjoki -09","Osuus ��nist� (%) KU501 Muurla -09","Osuus ��nist� (%) KU586 Perni� -09","Osuus ��nist� (%) KU587 Pertteli -09","Osuus ��nist� (%) KU776 Suomusj�rvi -09","Osuus ��nist� (%) KU784 S�rkisalo -09","Osuus ��nist� (%) KU738 Sauvo","Osuus ��nist� (%) KU761 Somero","Osuus ��nist� (%) KU833 Taivassalo","Osuus ��nist� (%) KU853 Turku","Osuus ��nist� (%) KU895 Uusikaupunki","Osuus ��nist� (%) KU209 Kalanti -93","Osuus ��nist� (%) KU918 Vehmaa","Osuus ��nist� (%) VP04 Satakunnan vaalipiiri","Osuus ��nist� (%) KU050 Eura","Osuus ��nist� (%) KU262 Kiukainen -09","Osuus ��nist� (%) KU051 Eurajoki","Osuus ��nist� (%) KU442 Luvia -17","Osuus ��nist� (%) KU079 Harjavalta","Osuus ��nist� (%) KU102 Huittinen","Osuus ��nist� (%) KU913 Vampula -09","Osuus ��nist� (%) KU181 J�mij�rvi","Osuus ��nist� (%) KU214 Kankaanp��","Osuus ��nist� (%) KU099 Honkajoki -21","Osuus ��nist� (%) KU230 Karvia","Osuus ��nist� (%) KU271 Kokem�ki","Osuus ��nist� (%) KU484 Merikarvia","Osuus ��nist� (%) KU531 Nakkila","Osuus ��nist� (%) KU608 Pomarkku","Osuus ��nist� (%) KU609 Pori","Osuus ��nist� (%) KU537 Noormarkku -10","Osuus ��nist� (%) KU413 Lavia -15","Osuus ��nist� (%) KU684 Rauma","Osuus ��nist� (%) KU685 Rauman mlk -93","Osuus ��nist� (%) KU266 Kodisjoki -07","Osuus ��nist� (%) KU406 Lappi -09","Osuus ��nist� (%) KU747 Siikainen","Osuus ��nist� (%) KU783 S�kyl�","Osuus ��nist� (%) KU319 K�yli� -16","Osuus ��nist� (%) KU886 Ulvila","Osuus ��nist� (%) KU293 Kullaa -05","Osuus ��nist� (%) VP06 H�meen vaalipiiri","Osuus ��nist� (%) KU016 Asikkala","Osuus ��nist� (%) KU061 Forssa","Osuus ��nist� (%) KU081 Hartola","Osuus ��nist� (%) KU082 Hattula","Osuus ��nist� (%) KU086 Hausj�rvi","Osuus ��nist� (%) KU098 Hollola","Osuus ��nist� (%) KU283 H�meenkoski -16","Osuus ��nist� (%) KU103 Humppila","Osuus ��nist� (%) KU109 H�meenlinna","Osuus ��nist� (%) KU083 Hauho -09","Osuus ��nist� (%) KU210 Kalvola -09","Osuus ��nist� (%) KU401 Lammi -09","Osuus ��nist� (%) KU692 Renko -09","Osuus ��nist� (%) KU855 Tuulos -09","Osuus ��nist� (%) KU111 Heinola","Osuus ��nist� (%) KU088 Heinola -97","Osuus ��nist� (%) KU089 Heinolan mlk -97","Osuus ��nist� (%) KU142 Iitti","Osuus ��nist� (%) KU165 Janakkala","Osuus ��nist� (%) KU169 Jokioinen","Osuus ��nist� (%) KU316 K�rk�l�","Osuus ��nist� (%) KU398 Lahti","Osuus ��nist� (%) KU532 Nastola -16","Osuus ��nist� (%) KU433 Loppi","Osuus ��nist� (%) KU560 Orimattila","Osuus ��nist� (%) KU015 Artj�rvi -11","Osuus ��nist� (%) KU576 Padasjoki","Osuus ��nist� (%) KU694 Riihim�ki","Osuus ��nist� (%) KU781 Sysm�","Osuus ��nist� (%) KU834 Tammela","Osuus ��nist� (%) KU981 Yp�j�","Osuus ��nist� (%) VP07 Pirkanmaan vaalipiiri","Osuus ��nist� (%) KU020 Akaa","Osuus ��nist� (%) KU864 Toijala -07","Osuus ��nist� (%) KU928 Viiala -07","Osuus ��nist� (%) KU310 Kylm�koski -11","Osuus ��nist� (%) KU108 H�meenkyr�","Osuus ��nist� (%) KU143 Ikaalinen","Osuus ��nist� (%) KU177 Juupajoki","Osuus ��nist� (%) KU211 Kangasala","Osuus ��nist� (%) KU730 Sahalahti -05","Osuus ��nist� (%) KU289 Kuhmalahti -11","Osuus ��nist� (%) KU250 Kihni�","Osuus ��nist� (%) KU291 Kuhmoinen","Osuus ��nist� (%) KU418 Lemp��l�","Osuus ��nist� (%) KU508 M�ntt�-Vilppula","Osuus ��nist� (%) KU506 M�ntt� -09","Osuus ��nist� (%) KU933 Vilppula -09","Osuus ��nist� (%) KU536 Nokia","Osuus ��nist� (%) KU562 Orivesi","Osuus ��nist� (%) KU581 Parkano","Osuus ��nist� (%) KU604 Pirkkala","Osuus ��nist� (%) KU619 Punkalaidun","Osuus ��nist� (%) KU635 P�lk�ne","Osuus ��nist� (%) KU439 Luopioinen -07","Osuus ��nist� (%) KU702 Ruovesi","Osuus ��nist� (%) KU790 Sastamala","Osuus ��nist� (%) KU493 Mouhij�rvi -09","Osuus ��nist� (%) KU912 Vammala -09","Osuus ��nist� (%) KU772 Suodenniemi -07","Osuus ��nist� (%) KU988 �ets� -09","Osuus ��nist� (%) KU254 Kiikoinen -13","Osuus ��nist� (%) KU837 Tampere","Osuus ��nist� (%) KU887 Urjala","Osuus ��nist� (%) KU908 Valkeakoski","Osuus ��nist� (%) KU922 Vesilahti","Osuus ��nist� (%) KU936 Virrat","Osuus ��nist� (%) KU980 Yl�j�rvi","Osuus ��nist� (%) KU932 Viljakkala -07","Osuus ��nist� (%) KU303 Kuru -09","Osuus ��nist� (%) VP08 Kaakkois-Suomen vaalipiiri","Osuus ��nist� (%) VP81 Kymen vaalipiiri","Osuus ��nist� (%) VP82 Etel�-Savon vaalipiiri","Osuus ��nist� (%) KU046 Enonkoski","Osuus ��nist� (%) KU075 Hamina","Osuus ��nist� (%) KU917 Vehkalahti -03","Osuus ��nist� (%) KU097 Hirvensalmi","Osuus ��nist� (%) KU153 Imatra","Osuus ��nist� (%) KU178 Juva","Osuus ��nist� (%) KU213 Kangasniemi","Osuus ��nist� (%) KU285 Kotka","Osuus ��nist� (%) KU286 Kouvola","Osuus ��nist� (%) KU044 Elim�ki -09","Osuus ��nist� (%) KU163 Jaala -09","Osuus ��nist� (%) KU306 Kuusankoski -09","Osuus ��nist� (%) KU754 Anjalankoski -09","Osuus ��nist� (%) KU909 Valkeala -09","Osuus ��nist� (%) KU405 Lappeenranta","Osuus ��nist� (%) KU539 Nuijamaa -89","Osuus ��nist� (%) KU173 Joutseno -09","Osuus ��nist� (%) KU978 Yl�maa -10","Osuus ��nist� (%) KU416 Lemi","Osuus ��nist� (%) KU441 Luum�ki","Osuus ��nist� (%) KU489 Miehikk�l�","Osuus ��nist� (%) KU491 Mikkeli","Osuus ��nist� (%) KU014 Anttola -01","Osuus ��nist� (%) KU492 Mikkelin mlk -01","Osuus ��nist� (%) KU085 Haukivuori -07","Osuus ��nist� (%) KU696 Ristiina -13","Osuus ��nist� (%) KU775 Suomenniemi -13","Osuus ��nist� (%) KU507 M�ntyharju","Osuus ��nist� (%) KU580 Parikkala","Osuus ��nist� (%) KU728 Saari -05","Osuus ��nist� (%) KU891 Uukuniemi -05","Osuus ��nist� (%) KU588 Pertunmaa","Osuus ��nist� (%) KU593 Pieks�m�ki","Osuus ��nist� (%) KU184 J�ppil� -04","Osuus ��nist� (%) KU594 Pieks�m�en mlk -04","Osuus ��nist� (%) KU937 Virtasalmi -04","Osuus ��nist� (%) KU623 Puumala","Osuus ��nist� (%) KU624 Pyht��","Osuus ��nist� (%) KU681 Rantasalmi","Osuus ��nist� (%) KU689 Rautj�rvi","Osuus ��nist� (%) KU700 Ruokolahti","Osuus ��nist� (%) KU739 Savitaipale","Osuus ��nist� (%) KU740 Savonlinna","Osuus ��nist� (%) KU741 Savonranta -09","Osuus ��nist� (%) KU246 Kerim�ki -13","Osuus ��nist� (%) KU618 Punkaharju -13","Osuus ��nist� (%) KU768 Sulkava","Osuus ��nist� (%) KU831 Taipalsaari","Osuus ��nist� (%) KU935 Virolahti","Osuus ��nist� (%) VP09 Savo-Karjalan vaalipiiri","Osuus ��nist� (%) VP91 Pohjois-Savon vaalipiiri","Osuus ��nist� (%) VP92 Pohjois-Karjalan vaalipiiri","Osuus ��nist� (%) KU090 Hein�vesi","Osuus ��nist� (%) KU140 Iisalmi","Osuus ��nist� (%) KU146 Ilomantsi","Osuus ��nist� (%) KU167 Joensuu","Osuus ��nist� (%) KU251 Kiihtelysvaara -05","Osuus ��nist� (%) KU856 Tuupovaara -05","Osuus ��nist� (%) KU045 Eno -09","Osuus ��nist� (%) KU632 Pyh�selk� -09","Osuus ��nist� (%) KU171 Joroinen","Osuus ��nist� (%) KU176 Juuka","Osuus ��nist� (%) KU204 Kaavi","Osuus ��nist� (%) KU239 Keitele","Osuus ��nist� (%) KU260 Kitee","Osuus ��nist� (%) KU248 Kes�lahti -13","Osuus ��nist� (%) KU263 Kiuruvesi","Osuus ��nist� (%) KU276 Kontiolahti","Osuus ��nist� (%) KU297 Kuopio","Osuus ��nist� (%) KU919 Vehmersalmi -05","Osuus ��nist� (%) KU227 Karttula -11","Osuus ��nist� (%) KU534 Nilsi� -13","Osuus ��nist� (%) KU476 Maaninka -15","Osuus ��nist� (%) KU174 Juankoski -17","Osuus ��nist� (%) KU309 Outokumpu","Osuus ��nist� (%) KU402 Lapinlahti","Osuus ��nist� (%) KU916 Varpaisj�rvi -11","Osuus ��nist� (%) KU420 Lepp�virta","Osuus ��nist� (%) KU422 Lieksa","Osuus ��nist� (%) KU426 Liperi","Osuus ��nist� (%) KU541 Nurmes","Osuus ��nist� (%) KU911 Valtimo -20","Osuus ��nist� (%) KU595 Pielavesi","Osuus ��nist� (%) KU607 Polvij�rvi","Osuus ��nist� (%) KU686 Rautalampi","Osuus ��nist� (%) KU687 Rautavaara","Osuus ��nist� (%) KU707 R��kkyl�","Osuus ��nist� (%) KU749 Siilinj�rvi","Osuus ��nist� (%) KU762 Sonkaj�rvi","Osuus ��nist� (%) KU778 Suonenjoki","Osuus ��nist� (%) KU844 Tervo","Osuus ��nist� (%) KU848 Tohmaj�rvi","Osuus ��nist� (%) KU943 V�rtsil� -05","Osuus ��nist� (%) KU857 Tuusniemi","Osuus ��nist� (%) KU915 Varkaus","Osuus ��nist� (%) KU212 Kangaslampi -05","Osuus ��nist� (%) KU921 Vesanto","Osuus ��nist� (%) KU925 Vierem�","Osuus ��nist� (%) VP10 Vaasan vaalipiiri","Osuus ��nist� (%) KU005 Alaj�rvi","Osuus ��nist� (%) KU414 Lehtim�ki -09","Osuus ��nist� (%) KU010 Alavus","Osuus ��nist� (%) KU863 T�ys� -13","Osuus ��nist� (%) KU052 Evij�rvi","Osuus ��nist� (%) KU074 Halsua","Osuus ��nist� (%) KU145 Ilmajoki","Osuus ��nist� (%) KU151 Isojoki","Osuus ��nist� (%) KU152 Isokyr�","Osuus ��nist� (%) KU217 Kannus","Osuus ��nist� (%) KU218 Karijoki","Osuus ��nist� (%) KU231 Kaskinen","Osuus ��nist� (%) KU232 Kauhajoki","Osuus ��nist� (%) KU233 Kauhava","Osuus ��nist� (%) KU004 Alah�rm� -09","Osuus ��nist� (%) KU281 Kortesj�rvi -09","Osuus ��nist� (%) KU971 Ylih�rm� -09","Osuus ��nist� (%) KU236 Kaustinen","Osuus ��nist� (%) KU272 Kokkola","Osuus ��nist� (%) KU315 K�lvi� -09","Osuus ��nist� (%) KU429 Lohtaja -09","Osuus ��nist� (%) KU885 Ullava -09","Osuus ��nist� (%) KU280 Korsn�s","Osuus ��nist� (%) KU287 Kristiinankaupunki","Osuus ��nist� (%) KU288 Kruunupyy","Osuus ��nist� (%) KU300 Kuortane","Osuus ��nist� (%) KU301 Kurikka","Osuus ��nist� (%) KU175 Jurva -09","Osuus ��nist� (%) KU164 Jalasj�rvi -16","Osuus ��nist� (%) KU399 Laihia","Osuus ��nist� (%) KU403 Lappaj�rvi","Osuus ��nist� (%) KU408 Lapua","Osuus ��nist� (%) KU421 Lestij�rvi","Osuus ��nist� (%) KU440 Luoto","Osuus ��nist� (%) KU475 Maalahti","Osuus ��nist� (%) KU499 Mustasaari","Osuus ��nist� (%) KU545 N�rpi�","Osuus ��nist� (%) KU584 Perho","Osuus ��nist� (%) KU598 Pietarsaari","Osuus ��nist� (%) KU599 Peders�ren kunta","Osuus ��nist� (%) KU743 Sein�joki","Osuus ��nist� (%) KU589 Per�sein�joki -05","Osuus ��nist� (%) KU544 Nurmo -09","Osuus ��nist� (%) KU975 Ylistaro -09","Osuus ��nist� (%) KU759 Soini","Osuus ��nist� (%) KU846 Teuva","Osuus ��nist� (%) KU849 Toholampi","Osuus ��nist� (%) KU893 Uusikaarlepyy","Osuus ��nist� (%) KU905 Vaasa","Osuus ��nist� (%) KU942 V�h�kyr� -13","Osuus ��nist� (%) KU924 Veteli","Osuus ��nist� (%) KU934 Vimpeli","Osuus ��nist� (%) KU946 V�yri","Osuus ��nist� (%) KU559 Oravainen -11","Osuus ��nist� (%) KU945 V�yri-Maksamaa -11","Osuus ��nist� (%) KU479 Maksamaa -07","Osuus ��nist� (%) KU944 V�yri -07","Osuus ��nist� (%) KU989 �ht�ri","Osuus ��nist� (%) VP11 Keski-Suomen vaalipiiri","Osuus ��nist� (%) KU077 Hankasalmi","Osuus ��nist� (%) KU172 Joutsa","Osuus ��nist� (%) KU415 Leivonm�ki -08","Osuus ��nist� (%) KU179 Jyv�skyl�","Osuus ��nist� (%) KU787 S�yn�tsalo -93","Osuus ��nist� (%) KU180 Jyv�skyl�n mlk -09","Osuus ��nist� (%) KU277 Korpilahti -09","Osuus ��nist� (%) KU182 J�ms�","Osuus ��nist� (%) KU299 Kuorevesi -01","Osuus ��nist� (%) KU443 L�ngelm�ki -07","Osuus ��nist� (%) KU183 J�ms�nkoski -09","Osuus ��nist� (%) KU216 Kannonkoski","Osuus ��nist� (%) KU226 Karstula","Osuus ��nist� (%) KU249 Keuruu","Osuus ��nist� (%) KU256 Kinnula","Osuus ��nist� (%) KU265 Kivij�rvi","Osuus ��nist� (%) KU275 Konnevesi","Osuus ��nist� (%) KU312 Kyyj�rvi","Osuus ��nist� (%) KU410 Laukaa","Osuus ��nist� (%) KU435 Luhanka","Osuus ��nist� (%) KU495 Multia","Osuus ��nist� (%) KU500 Muurame","Osuus ��nist� (%) KU592 Pet�j�vesi","Osuus ��nist� (%) KU601 Pihtipudas","Osuus ��nist� (%) KU729 Saarij�rvi","Osuus ��nist� (%) KU633 Pylk�nm�ki -09","Osuus ��nist� (%) KU850 Toivakka","Osuus ��nist� (%) KU892 Uurainen","Osuus ��nist� (%) KU931 Viitasaari","Osuus ��nist� (%) KU992 ��nekoski","Osuus ��nist� (%) KU274 Konginkangas -93","Osuus ��nist� (%) KU770 Sumiainen -07","Osuus ��nist� (%) KU774 Suolahti -07","Osuus ��nist� (%) VP12 Oulun vaalipiiri","Osuus ��nist� (%) KU009 Alavieska","Osuus ��nist� (%) KU069 Haapaj�rvi","Osuus ��nist� (%) KU071 Haapavesi","Osuus ��nist� (%) KU072 Hailuoto","Osuus ��nist� (%) KU105 Hyrynsalmi","Osuus ��nist� (%) KU139 Ii","Osuus ��nist� (%) KU292 Kuivaniemi -07","Osuus ��nist� (%) KU205 Kajaani","Osuus ��nist� (%) KU940 Vuolijoki -07","Osuus ��nist� (%) KU208 Kalajoki","Osuus ��nist� (%) KU095 Himanka -10","Osuus ��nist� (%) KU244 Kempele","Osuus ��nist� (%) KU290 Kuhmo","Osuus ��nist� (%) KU305 Kuusamo","Osuus ��nist� (%) KU317 K�rs�m�ki","Osuus ��nist� (%) KU425 Liminka","Osuus ��nist� (%) KU436 Lumijoki","Osuus ��nist� (%) KU483 Merij�rvi","Osuus ��nist� (%) KU494 Muhos","Osuus ��nist� (%) KU535 Nivala","Osuus ��nist� (%) KU563 Oulainen","Osuus ��nist� (%) KU564 Oulu","Osuus ��nist� (%) KU973 Ylikiiminki -09","Osuus ��nist� (%) KU084 Haukipudas -13","Osuus ��nist� (%) KU255 Kiiminki -13","Osuus ��nist� (%) KU567 Oulunsalo -13","Osuus ��nist� (%) KU972 Yli-Ii -13","Osuus ��nist� (%) KU578 Paltamo","Osuus ��nist� (%) KU615 Pudasj�rvi","Osuus ��nist� (%) KU620 Puolanka","Osuus ��nist� (%) KU625 Pyh�joki","Osuus ��nist� (%) KU626 Pyh�j�rvi","Osuus ��nist� (%) KU630 Pyh�nt�","Osuus ��nist� (%) KU678 Raahe","Osuus ��nist� (%) KU582 Pattijoki -03","Osuus ��nist� (%) KU926 Vihanti -13","Osuus ��nist� (%) KU691 Reisj�rvi","Osuus ��nist� (%) KU697 Ristij�rvi","Osuus ��nist� (%) KU746 Sievi","Osuus ��nist� (%) KU748 Siikajoki","Osuus ��nist� (%) KU708 Ruukki -07","Osuus ��nist� (%) KU765 Sotkamo","Osuus ��nist� (%) KU777 Suomussalmi","Osuus ��nist� (%) KU785 Vaala","Osuus ��nist� (%) KU791 Siikalatva","Osuus ��nist� (%) KU247 Kestil� -09","Osuus ��nist� (%) KU603 Piippola -09","Osuus ��nist� (%) KU617 Pulkkila -09","Osuus ��nist� (%) KU682 Rantsila -09","Osuus ��nist� (%) KU832 Taivalkoski","Osuus ��nist� (%) KU859 Tyrn�v�","Osuus ��nist� (%) KU841 Temmes -01","Osuus ��nist� (%) KU889 Utaj�rvi","Osuus ��nist� (%) KU977 Ylivieska","Osuus ��nist� (%) VP13 Lapin vaalipiiri","Osuus ��nist� (%) KU047 Enonteki�","Osuus ��nist� (%) KU148 Inari","Osuus ��nist� (%) KU240 Kemi","Osuus ��nist� (%) KU241 Keminmaa","Osuus ��nist� (%) KU261 Kittil�","Osuus ��nist� (%) KU273 Kolari","Osuus ��nist� (%) KU320 Kemij�rvi","Osuus ��nist� (%) KU498 Muonio","Osuus ��nist� (%) KU583 Pelkosenniemi","Osuus ��nist� (%) KU614 Posio","Osuus ��nist� (%) KU683 Ranua","Osuus ��nist� (%) KU698 Rovaniemi","Osuus ��nist� (%) KU699 Rovaniemen mlk -06","Osuus ��nist� (%) KU732 Salla","Osuus ��nist� (%) KU742 Savukoski","Osuus ��nist� (%) KU751 Simo","Osuus ��nist� (%) KU758 Sodankyl�","Osuus ��nist� (%) KU845 Tervola","Osuus ��nist� (%) KU851 Tornio","Osuus ��nist� (%) KU854 Pello","Osuus ��nist� (%) KU890 Utsjoki","Osuus ��nist� (%) KU976 Ylitornio","Osuus ��nist� (%) VP05 Ahvenanmaan maakunnan vaalipiiri","Osuus ��nist� (%) KU035 Br�nd�","Osuus ��nist� (%) KU043 Ecker�","Osuus ��nist� (%) KU060 Finstr�m","Osuus ��nist� (%) KU062 F�gl�","Osuus ��nist� (%) KU065 Geta","Osuus ��nist� (%) KU076 Hammarland","Osuus ��nist� (%) KU170 Jomala","Osuus ��nist� (%) KU295 Kumlinge","Osuus ��nist� (%) KU318 K�kar","Osuus ��nist� (%) KU417 Lemland","Osuus ��nist� (%) KU438 Lumparland","Osuus ��nist� (%) KU478 Maarianhamina","Osuus ��nist� (%) KU736 Saltvik","Osuus ��nist� (%) KU766 Sottunga","Osuus ��nist� (%) KU771 Sund","Osuus ��nist� (%) KU941 V�rd�"
"2023","Yhteens�","Puolueiden ��net yhteens�",100.0,100.0,100.0,100.0,100.0,100.0,100.0,100.0,100.0,100.0,100.0,100.0,100.0,100.0,100.0,100.0,100.0,.,.,.,100.0,.,.,.,.,.,100.0,100.0,100.0,100.0,100.0,100.0,.,.,100.0,.,.,.,.,100.0,100.0,100.0,100.0,100.0,100.0,100.0,.,100.0,100.0,100.0,.,.,.,100.0,100.0,.,100.0,.,.,.,100.0,.,.,.,.,.,100.0,100.0,.,.,100.0,.,100.0,.,.,.,100.0,100.0,100.0,100.0,100.0,.,.,100.0,100.0,.,100.0,.,.,.,.,.,.,.,.,.,100.0,100.0,100.0,100.0,100.0,.,100.0,100.0,100.0,.,100.0,.,100.0,100.0,.,100.0,100.0,.,100.0,100.0,100.0,100.0,100.0,100.0,.,.,100.0,.,.,.,100.0,100.0,.,100.0,.,100.0,100.0,100.0,100.0,100.0,100.0,100.0,.,100.0,100.0,.,.,.,.,.,100.0,.,.,100.0,100.0,100.0,100.0,100.0,.,100.0,100.0,.,100.0,100.0,100.0,100.0,100.0,100.0,100.0,.,.,.,100.0,100.0,100.0,100.0,.,.,100.0,100.0,100.0,100.0,.,.,100.0,100.0,100.0,100.0,100.0,100.0,.,100.0,100.0,.,.,.,.,.,100.0,100.0,100.0,100.0,100.0,100.0,.,.,100.0,.,.,100.0,100.0,.,100.0,100.0,100.0,100.0,100.0,100.0,.,.,.,.,.,100.0,.,.,.,100.0,100.0,100.0,100.0,.,.,.,.,.,100.0,100.0,.,.,100.0,100.0,.,.,.,100.0,100.0,100.0,100.0,100.0,100.0,100.0,.,.,.,100.0,100.0,100.0,100.0,.,.,100.0,100.0,100.0,100.0,.,.,.,.,100.0,100.0,100.0,100.0,100.0,.,100.0,100.0,100.0,.,.,.,.,.,100.0,100.0,.,100.0,100.0,100.0,100.0,.,100.0,100.0,100.0,100.0,100.0,100.0,100.0,100.0,100.0,100.0,.,100.0,100.0,.,100.0,100.0,100.0,100.0,.,100.0,.,100.0,100.0,100.0,100.0,100.0,100.0,100.0,100.0,100.0,100.0,.,.,.,100.0,100.0,.,.,.,100.0,100.0,100.0,100.0,100.0,.,.,100.0,100.0,100.0,100.0,100.0,100.0,100.0,100.0,100.0,100.0,100.0,100.0,.,.,.,100.0,100.0,100.0,100.0,100.0,.,100.0,100.0,100.0,.,.,.,.,100.0,100.0,100.0,100.0,.,100.0,.,.,.,100.0,.,.,.,100.0,100.0,100.0,100.0,100.0,100.0,100.0,100.0,100.0,100.0,100.0,100.0,100.0,100.0,.,100.0,100.0,100.0,100.0,.,.,.,100.0,100.0,100.0,100.0,100.0,100.0,100.0,.,100.0,.,100.0,.,100.0,100.0,100.0,100.0,100.0,100.0,100.0,100.0,100.0,100.0,100.0,.,.,.,.,.,100.0,100.0,100.0,100.0,100.0,100.0,100.0,.,.,100.0,100.0,100.0,100.0,.,100.0,100.0,100.0,100.0,.,.,.,.,100.0,100.0,.,100.0,100.0,100.0,100.0,100.0,100.0,100.0,100.0,100.0,100.0,100.0,100.0,100.0,100.0,100.0,.,100.0,100.0,100.0,100.0,100.0,100.0,100.0,100.0,100.0,100.0,100.0,100.0,100.0,100.0,100.0,100.0,100.0,100.0,100.0,100.0,100.0,100.0,100.0,100.0,100.0,100.0
"2023","Yhteens�","KOK",20.8,26.4,26.4,26.2,18.8,36.8,10.8,24.5,21.2,11.0,23.3,15.6,39.3,22.5,24.2,13.8,9.7,.,.,.,18.5,.,.,.,.,.,29.1,20.6,25.9,17.3,18.6,18.3,.,.,6.5,.,.,.,.,26.9,16.9,25.0,22.3,23.0,22.3,28.9,.,17.3,40.7,6.0,.,.,.,16.0,26.2,.,18.4,.,.,.,12.4,.,.,.,.,.,19.8,24.7,.,.,15.6,.,35.0,.,.,.,18.9,14.6,24.8,13.3,22.0,.,.,24.2,24.2,.,19.7,.,.,.,.,.,.,.,.,.,20.5,11.9,40.3,24.3,15.0,.,21.8,17.0,11.1,.,17.3,.,14.5,12.4,.,4.7,6.0,.,6.3,12.5,8.8,15.1,10.9,19.8,.,.,21.9,.,.,.,5.0,15.4,.,18.0,.,21.5,20.6,18.5,17.6,23.2,18.8,26.2,.,13.4,23.3,.,.,.,.,.,19.6,.,.,14.5,18.3,12.7,22.9,22.6,.,24.0,18.3,.,20.2,19.5,21.6,20.1,16.1,21.5,18.7,.,.,.,12.8,13.7,12.4,24.5,.,.,3.8,20.5,26.0,8.5,.,.,19.7,16.3,7.1,29.0,17.0,24.3,.,14.3,19.2,.,.,.,.,.,22.9,14.8,23.8,20.9,10.6,20.4,.,.,22.0,.,.,9.2,21.3,.,22.8,17.6,18.6,13.9,22.7,25.2,.,.,.,.,.,24.5,.,.,.,18.4,22.7,14.1,27.4,.,.,.,.,.,29.0,12.6,.,.,24.3,16.7,.,.,.,17.8,26.2,13.2,9.4,16.3,21.4,10.5,.,.,.,31.7,23.4,14.7,16.4,.,.,12.4,15.9,4.1,15.1,.,.,.,.,14.4,6.8,7.9,9.1,10.9,.,6.0,13.6,24.1,.,.,.,.,.,6.5,8.7,.,12.2,6.1,12.7,5.3,.,7.6,5.8,13.8,6.7,17.8,19.9,8.4,13.6,10.5,9.7,.,10.0,19.5,.,11.2,8.2,14.2,17.6,.,10.6,.,11.8,3.5,18.6,14.0,19.2,12.6,9.3,16.5,14.9,18.0,.,.,.,8.2,14.2,.,.,.,0.4,7.9,9.6,25.9,18.3,.,.,18.4,16.8,28.5,2.8,1.6,1.3,5.2,0.7,7.5,3.7,1.4,23.6,.,.,.,9.2,18.0,4.7,0.9,14.9,.,8.2,34.6,1.7,.,.,.,.,9.8,16.3,9.1,13.4,.,19.5,.,.,.,14.7,.,.,.,11.8,15.2,15.8,5.3,6.4,11.3,7.9,13.5,17.5,8.3,24.9,10.1,4.7,7.7,.,12.5,8.0,7.9,8.4,.,.,.,15.0,6.0,8.9,4.4,16.6,4.9,11.4,.,12.8,.,11.0,.,20.2,3.7,10.5,3.4,15.7,9.3,1.9,9.0,7.1,7.6,20.6,.,.,.,.,.,12.1,4.6,5.4,5.7,4.2,7.2,8.2,.,.,4.3,7.3,5.5,6.3,.,15.0,7.0,13.9,4.4,.,.,.,.,5.9,14.4,.,5.5,17.0,12.2,16.9,15.3,8.9,8.0,13.9,8.1,8.7,18.7,10.8,5.1,10.3,16.6,.,6.9,14.6,6.5,9.9,5.3,9.7,8.6,11.4,6.5,0.0,0.0,0.0,0.0,0.0,0.0,0.0,0.0,0.0,0.0,0.0,0.0,0.0,0.0,0.0,0.0,0.0
"2023","Yhteens�","PS",20.1,11.3,11.3,18.2,30.8,12.5,16.6,20.0,24.9,10.7,21.4,25.7,7.9,21.8,18.1,20.3,15.1,.,.,.,22.8,.,.,.,.,.,25.9,30.2,25.2,32.6,31.3,14.5,.,.,7.8,.,.,.,.,15.8,18.8,24.7,24.2,20.0,29.3,19.2,.,25.2,19.1,9.0,.,.,.,29.7,23.9,.,25.6,.,.,.,10.9,.,.,.,.,.,31.8,28.3,.,.,29.0,.,21.7,.,.,.,32.0,28.3,20.5,31.9,30.8,.,.,23.4,26.2,.,24.6,.,.,.,.,.,.,.,.,.,24.8,31.8,23.0,14.9,26.4,.,26.2,26.6,24.0,.,22.5,.,24.5,36.9,.,36.2,39.5,.,39.5,32.1,36.9,24.9,36.0,25.4,.,.,20.6,.,.,.,36.5,25.9,.,27.1,.,24.4,24.9,24.2,26.2,26.3,28.1,25.6,.,31.5,22.5,.,.,.,.,.,25.2,.,.,24.0,25.0,33.2,29.2,23.2,.,23.5,33.4,.,25.2,22.0,24.8,25.8,31.4,20.2,25.2,.,.,.,27.7,25.1,27.3,21.6,.,.,51.0,25.4,22.0,22.3,.,.,23.3,25.9,26.6,18.4,19.2,23.9,.,25.0,27.2,.,.,.,.,.,15.8,31.5,21.3,23.7,24.0,27.8,.,.,22.8,.,.,14.1,30.5,.,21.6,25.9,17.5,17.5,25.0,24.6,.,.,.,.,.,20.7,.,.,.,27.9,24.1,39.4,21.7,.,.,.,.,.,25.8,22.6,.,.,22.9,21.5,.,.,.,21.4,23.9,17.2,22.1,25.8,21.5,14.4,.,.,.,13.1,22.8,38.9,20.0,.,.,21.4,23.4,17.8,17.5,.,.,.,.,22.1,23.5,29.8,23.1,21.8,.,21.8,24.8,17.6,.,.,.,.,.,23.1,29.2,.,17.9,18.0,22.7,27.6,.,22.8,26.7,19.6,27.0,21.7,21.5,32.5,23.7,22.8,21.8,.,23.8,16.6,.,20.6,23.2,21.3,23.8,.,34.4,.,28.3,25.9,33.5,35.2,28.1,26.8,53.2,18.8,34.0,30.1,.,.,.,30.1,20.9,.,.,.,1.8,13.8,7.9,26.1,34.4,.,.,34.4,23.8,27.9,18.6,4.4,3.4,9.0,2.6,31.1,12.2,5.1,23.8,.,.,.,28.5,30.8,18.9,8.3,18.7,.,29.2,19.4,4.1,.,.,.,.,21.9,20.5,25.0,30.2,.,17.1,.,.,.,27.8,.,.,.,24.7,23.2,24.2,23.0,23.5,24.1,23.0,26.4,28.1,24.4,18.5,25.2,19.5,25.9,.,26.3,26.7,20.5,22.1,.,.,.,25.5,33.8,30.6,29.3,25.8,30.6,30.4,.,27.6,.,26.1,.,24.8,28.8,23.0,32.2,29.1,31.2,33.5,35.9,32.8,27.0,22.1,.,.,.,.,.,25.8,25.2,25.6,26.6,28.3,32.0,29.4,.,.,25.5,25.7,38.9,30.9,.,23.9,24.5,28.6,31.5,.,.,.,.,28.7,30.7,.,34.0,26.7,26.8,25.3,27.9,26.3,31.5,25.6,17.9,28.0,23.1,19.6,25.4,27.9,26.1,.,24.3,30.8,32.0,27.8,31.9,30.1,18.5,19.5,24.9,0.0,0.0,0.0,0.0,0.0,0.0,0.0,0.0,0.0,0.0,0.0,0.0,0.0,0.0,0.0,0.0,0.0
"2023","Yhteens�","SDP",19.9,20.9,20.9,19.9,16.4,16.9,28.5,23.7,25.2,11.0,24.7,17.6,8.1,22.3,15.0,12.3,17.4,.,.,.,25.0,.,.,.,.,.,12.9,18.6,17.3,19.0,12.3,19.7,.,.,25.9,.,.,.,.,12.4,15.5,17.4,20.5,18.1,14.3,18.5,.,10.6,13.0,13.1,.,.,.,13.1,16.1,.,14.0,.,.,.,10.2,.,.,.,.,.,8.5,15.3,.,.,15.3,.,16.1,.,.,.,14.8,9.4,18.7,21.8,11.5,.,.,22.7,16.6,.,24.1,.,.,.,.,.,.,.,.,.,14.0,12.8,9.1,18.8,23.1,.,12.6,24.6,27.2,.,24.1,.,31.6,13.6,.,16.8,18.6,.,10.0,19.9,18.9,21.2,17.5,23.6,.,.,34.3,.,.,.,17.3,21.8,.,24.5,.,23.7,14.1,29.3,18.3,21.9,19.9,18.3,.,20.4,24.4,.,.,.,.,.,31.6,.,.,26.6,24.6,17.6,22.1,25.5,.,16.6,18.3,.,23.4,23.9,18.6,19.1,13.9,25.9,28.7,.,.,.,19.1,19.8,23.6,24.3,.,.,8.8,23.7,21.8,35.1,.,.,25.6,22.6,12.8,25.8,16.2,21.6,.,21.7,22.8,.,.,.,.,.,27.6,21.4,33.1,18.2,21.2,23.2,.,.,23.7,.,.,24.3,23.7,.,14.4,37.7,13.6,30.2,28.4,23.0,.,.,.,.,.,24.0,.,.,.,15.4,17.0,7.3,18.9,.,.,.,.,.,16.2,16.9,.,.,11.5,21.0,.,.,.,15.8,21.7,19.7,38.1,25.6,15.8,25.1,.,.,.,18.0,19.8,13.6,19.1,.,.,21.5,14.3,30.2,24.1,.,.,.,.,26.8,20.2,14.8,14.9,19.7,.,4.5,21.9,17.0,.,.,.,.,.,19.6,9.3,.,16.3,19.8,21.1,18.4,.,10.3,18.0,14.5,13.9,12.0,15.4,10.1,13.7,13.6,20.6,.,9.9,37.1,.,15.2,8.0,11.7,4.5,.,7.5,.,6.0,2.7,9.4,7.7,10.9,10.2,5.2,22.4,6.2,5.8,.,.,.,8.2,18.1,.,.,.,5.9,8.7,5.5,5.0,9.2,.,.,12.3,6.5,8.0,8.5,7.2,7.5,9.6,7.8,16.6,18.6,6.7,11.2,.,.,.,4.9,7.2,5.9,9.0,19.3,.,7.9,6.9,5.0,.,.,.,.,13.0,22.8,18.3,15.9,.,22.7,.,.,.,31.7,.,.,.,22.8,14.6,22.0,13.4,15.4,16.9,8.9,22.3,14.3,14.3,23.5,24.8,18.7,16.6,.,16.1,15.1,31.2,26.7,.,.,.,13.8,5.3,10.9,7.1,14.0,8.8,13.4,.,16.0,.,9.5,.,15.2,11.2,12.1,7.8,10.6,7.9,3.4,10.9,6.9,10.2,16.9,.,.,.,.,.,9.8,7.4,8.1,10.0,8.5,7.6,13.9,.,.,6.0,7.6,4.7,8.5,.,8.4,5.7,10.8,8.9,.,.,.,.,16.6,8.9,.,12.9,11.2,18.1,21.4,22.8,27.2,13.1,14.3,13.7,13.2,19.9,11.7,13.2,9.4,21.1,.,11.8,7.9,11.4,13.9,10.7,14.1,10.3,28.5,12.3,0.0,0.0,0.0,0.0,0.0,0.0,0.0,0.0,0.0,0.0,0.0,0.0,0.0,0.0,0.0,0.0,0.0
"2023","Yhteens�","KESK",11.3,1.6,1.6,4.8,15.1,2.7,1.5,3.7,5.8,0.9,6.0,7.9,1.7,5.8,2.8,11.8,3.2,.,.,.,7.1,.,.,.,.,.,12.3,11.9,9.4,12.6,22.1,3.7,.,.,1.2,.,.,.,.,3.3,3.8,11.2,10.3,8.4,14.1,4.4,.,32.4,11.2,4.2,.,.,.,25.8,10.0,.,22.2,.,.,.,2.4,.,.,.,.,.,25.6,8.6,.,.,17.8,.,7.7,.,.,.,13.3,31.9,11.9,17.3,20.5,.,.,4.7,11.1,.,11.6,.,.,.,.,.,.,.,.,.,19.2,30.5,13.6,3.5,20.4,.,15.7,13.9,22.8,.,23.1,.,10.7,24.7,.,31.7,25.5,.,38.1,21.0,25.4,17.1,22.2,7.6,.,.,9.0,.,.,.,32.2,26.2,.,11.5,.,8.6,22.8,10.8,23.7,8.4,9.8,10.4,.,18.5,6.4,.,.,.,.,.,7.7,.,.,23.4,10.1,16.1,10.1,5.2,.,14.4,11.9,.,14.0,3.6,23.3,20.3,21.4,7.1,7.1,.,.,.,22.1,21.3,22.4,6.5,.,.,12.5,17.4,7.4,21.2,.,.,4.7,14.8,9.8,4.4,38.4,11.9,.,23.4,12.2,.,.,.,.,.,3.6,19.3,5.5,16.8,25.4,8.3,.,.,13.6,.,.,31.8,9.0,.,29.8,5.6,37.1,27.4,2.9,10.7,.,.,.,.,.,11.7,.,.,.,25.8,24.4,29.5,16.5,.,.,.,.,.,18.1,33.4,.,.,30.3,18.4,.,.,.,31.5,12.3,35.5,20.6,19.8,27.9,17.3,.,.,.,26.3,16.2,23.0,19.7,.,.,27.8,17.1,36.1,16.3,.,.,.,.,20.4,31.3,26.3,28.2,28.3,.,40.9,20.7,12.7,.,.,.,.,.,32.2,21.3,.,36.1,44.4,24.0,27.8,.,37.8,34.0,23.9,22.4,31.6,19.3,25.8,22.6,33.0,30.1,.,25.0,7.5,.,33.2,26.7,17.9,37.2,.,34.2,.,40.9,52.3,25.2,34.7,28.3,38.0,25.2,4.0,35.7,32.3,.,.,.,40.5,19.9,.,.,.,0.1,7.5,4.2,31.6,27.4,.,.,18.7,41.2,24.5,53.8,0.5,0.9,1.3,0.6,33.2,2.3,0.8,22.3,.,.,.,39.3,27.6,56.2,0.8,4.3,.,40.8,21.8,1.7,.,.,.,.,44.5,17.7,31.9,24.8,.,12.5,.,.,.,12.3,.,.,.,33.4,36.2,21.6,50.6,48.9,31.9,49.0,20.9,29.4,37.5,15.3,20.6,47.6,36.5,.,25.3,32.9,24.6,20.3,.,.,.,25.0,43.0,36.7,45.1,27.0,33.7,26.5,.,19.3,.,37.2,.,24.6,42.4,39.5,47.7,29.3,35.6,49.2,26.3,44.6,26.7,16.0,.,.,.,.,.,30.3,50.5,38.0,39.9,28.7,40.8,28.3,.,.,51.5,41.5,37.3,40.6,.,27.4,35.6,27.2,43.2,.,.,.,.,38.6,32.2,.,34.7,31.1,24.8,22.5,16.1,14.4,29.9,21.6,22.7,34.5,21.3,38.6,47.3,45.8,18.5,.,41.5,37.6,33.9,34.2,35.0,33.0,30.8,14.7,35.4,0.0,0.0,0.0,0.0,0.0,0.0,0.0,0.0,0.0,0.0,0.0,0.0,0.0,0.0,0.0,0.0,0.0
"2023","Yhteens�","VIHR",7.0,15.3,15.3,7.6,2.7,10.8,3.4,8.1,5.6,3.3,7.3,3.5,5.7,7.5,10.3,4.2,2.9,.,.,.,4.6,.,.,.,.,.,2.9,3.9,5.6,3.7,3.6,5.2,.,.,3.6,.,.,.,.,5.9,5.5,5.4,5.1,7.0,3.2,8.6,.,2.4,3.1,2.4,.,.,.,2.4,6.7,.,2.0,.,.,.,3.7,.,.,.,.,.,2.0,6.3,.,.,3.3,.,5.3,.,.,.,3.6,1.5,6.2,2.1,2.0,.,.,5.9,4.6,.,3.8,.,.,.,.,.,.,.,.,.,5.3,2.0,2.0,10.3,2.1,.,2.6,2.7,1.4,.,1.8,.,1.7,1.5,.,0.5,1.4,.,0.4,1.2,1.3,1.5,0.9,3.7,.,.,3.3,.,.,.,0.7,2.0,.,2.2,.,4.7,3.4,3.3,1.9,4.6,3.1,4.7,.,2.5,6.3,.,.,.,.,.,2.5,.,.,2.5,4.8,2.9,2.0,5.4,.,2.8,4.8,.,1.9,5.0,1.1,2.5,2.6,7.5,4.5,.,.,.,2.5,2.0,2.8,5.7,.,.,0.7,1.8,6.6,1.4,.,.,5.2,3.1,0.8,7.1,1.1,3.4,.,1.6,2.2,.,.,.,.,.,11.1,2.4,2.7,4.5,1.5,4.7,.,.,5.1,.,.,1.5,4.4,.,2.4,4.5,2.9,2.5,4.7,4.6,.,.,.,.,.,8.2,.,.,.,4.7,2.8,1.9,5.9,.,.,.,.,.,2.7,2.4,.,.,2.7,7.1,.,.,.,3.4,3.5,2.5,1.7,2.6,4.6,3.4,.,.,.,1.5,7.2,3.3,5.7,.,.,3.0,2.8,1.6,9.0,.,.,.,.,1.6,2.1,1.7,3.1,2.8,.,1.3,5.3,8.3,.,.,.,.,.,2.6,2.2,.,1.9,2.5,3.3,2.8,.,1.3,1.9,6.7,1.6,2.5,4.7,1.2,2.9,2.4,2.2,.,2.3,2.2,.,1.6,1.8,2.7,2.3,.,1.7,.,1.0,0.7,2.3,0.9,1.4,1.5,1.0,1.9,1.6,0.9,.,.,.,1.5,2.9,.,.,.,0.4,1.4,1.1,2.0,2.0,.,.,2.1,1.7,1.5,2.6,1.0,1.0,2.5,0.6,0.3,2.8,1.4,4.1,.,.,.,1.6,0.8,1.0,1.1,5.5,.,0.9,1.3,1.2,.,.,.,.,1.4,7.6,2.6,3.6,.,11.3,.,.,.,2.8,.,.,.,2.1,1.7,3.7,0.4,0.8,2.4,0.6,3.6,0.9,2.7,5.8,5.1,1.4,2.2,.,3.2,2.3,2.3,4.5,.,.,.,5.0,0.6,1.9,1.6,6.4,1.2,2.9,.,5.5,.,2.1,.,3.6,1.7,7.0,0.9,3.5,1.8,0.4,3.0,1.1,2.1,7.7,.,.,.,.,.,2.7,1.4,1.9,2.4,1.0,1.7,2.3,.,.,1.0,2.3,1.4,1.7,.,2.8,1.4,1.6,1.2,.,.,.,.,1.8,2.2,.,1.4,2.6,3.5,3.3,5.3,1.4,1.5,6.0,7.4,1.7,4.4,9.3,1.8,0.9,5.3,.,1.7,1.3,0.7,2.2,1.2,1.7,0.9,5.4,1.0,0.0,0.0,0.0,0.0,0.0,0.0,0.0,0.0,0.0,0.0,0.0,0.0,0.0,0.0,0.0,0.0,0.0
"2023","Yhteens�","VAS",7.1,11.8,11.8,4.6,3.2,3.6,4.1,6.0,5.1,1.9,5.2,19.2,1.7,8.2,3.1,1.9,3.4,.,.,.,5.5,.,.,.,.,.,2.1,3.2,2.9,2.7,2.3,4.8,.,.,3.3,.,.,.,.,2.8,2.8,3.8,4.1,11.6,8.1,9.4,.,4.7,5.8,9.0,.,.,.,4.5,8.2,.,9.7,.,.,.,7.9,.,.,.,.,.,5.1,6.5,.,.,9.6,.,7.1,.,.,.,8.9,6.2,8.6,4.4,6.2,.,.,10.4,8.2,.,7.0,.,.,.,.,.,.,.,.,.,7.7,4.7,5.7,16.9,6.4,.,8.1,8.3,7.6,.,4.3,.,10.6,4.6,.,2.5,4.3,.,1.7,7.7,4.3,13.6,5.6,11.5,.,.,5.2,.,.,.,3.8,4.7,.,9.3,.,5.9,3.8,6.8,2.9,4.6,6.3,3.9,.,6.0,5.7,.,.,.,.,.,3.3,.,.,2.6,5.5,11.5,4.6,6.2,.,6.8,3.5,.,3.2,11.3,2.9,5.0,6.4,6.9,5.2,.,.,.,5.9,3.6,3.9,4.4,.,.,1.7,2.2,4.4,3.7,.,.,11.2,6.1,2.0,3.3,2.9,3.9,.,6.1,5.3,.,.,.,.,.,8.5,3.0,5.9,3.2,5.2,4.8,.,.,3.7,.,.,2.4,2.4,.,0.8,2.5,1.0,1.3,8.4,4.3,.,.,.,.,.,3.9,.,.,.,1.5,1.4,0.9,1.7,.,.,.,.,.,1.8,1.8,.,.,2.1,5.9,.,.,.,1.5,3.8,2.9,2.2,2.4,1.1,3.5,.,.,.,1.8,1.3,2.2,5.5,.,.,2.8,5.9,3.3,6.5,.,.,.,.,2.6,1.6,5.6,4.3,1.7,.,9.6,2.4,6.4,.,.,.,.,.,6.3,4.4,.,4.8,2.2,2.0,3.4,.,6.8,2.1,4.3,10.9,2.3,4.1,4.7,5.3,3.0,2.1,.,15.8,7.1,.,3.7,4.4,2.4,0.9,.,1.5,.,1.7,0.5,1.4,1.3,1.7,1.8,0.5,6.7,1.8,1.0,.,.,.,1.1,3.7,.,.,.,0.6,1.5,0.9,0.6,2.5,.,.,3.7,1.3,1.3,6.6,0.7,0.6,1.1,0.6,1.4,4.2,0.7,2.8,.,.,.,1.4,6.1,1.5,0.8,3.8,.,0.9,6.3,0.7,.,.,.,.,1.8,6.5,5.6,2.0,.,8.3,.,.,.,4.1,.,.,.,1.8,1.6,2.7,2.0,0.5,4.8,1.2,4.0,2.2,4.8,3.9,3.2,2.5,2.7,.,3.0,2.7,4.2,10.3,.,.,.,9.4,6.1,5.2,6.8,6.1,13.3,11.0,.,12.0,.,6.2,.,5.7,6.1,3.5,3.1,5.5,8.6,2.8,9.3,3.1,5.6,11.0,.,.,.,.,.,11.8,5.3,13.3,8.5,23.1,5.3,12.0,.,.,4.7,7.9,4.4,5.9,.,9.5,19.6,11.0,6.6,.,.,.,.,3.9,6.1,.,8.2,4.6,9.9,3.3,7.4,18.1,9.0,8.9,15.3,10.9,6.5,7.4,4.5,1.8,8.4,.,10.6,4.7,12.8,6.2,10.9,7.9,28.9,5.3,14.8,0.0,0.0,0.0,0.0,0.0,0.0,0.0,0.0,0.0,0.0,0.0,0.0,0.0,0.0,0.0,0.0,0.0
"2023","Yhteens�","RKP",4.3,5.1,5.1,8.7,2.9,7.5,27.6,2.6,1.0,56.0,1.2,1.0,29.8,1.4,17.7,27.6,40.8,.,.,.,3.1,.,.,.,.,.,6.9,1.1,1.4,1.5,1.1,24.7,.,.,45.8,.,.,.,.,21.8,28.2,1.4,2.0,4.9,0.6,3.7,.,0.5,1.4,52.8,.,.,.,0.3,1.3,.,0.3,.,.,.,48.0,.,.,.,.,.,0.5,0.9,.,.,0.7,.,1.4,.,.,.,0.6,1.2,0.9,0.3,0.4,.,.,1.3,1.0,.,1.0,.,.,.,.,.,.,.,.,.,1.5,0.3,0.6,4.8,0.6,.,0.7,0.3,0.2,.,0.3,.,0.1,0.2,.,0.0,0.1,.,0.7,0.3,0.2,0.4,0.3,0.4,.,.,0.4,.,.,.,0.0,0.3,.,0.2,.,0.3,0.1,0.2,0.1,0.2,0.1,0.2,.,0.0,0.3,.,.,.,.,.,0.2,.,.,0.2,0.2,0.1,0.6,0.4,.,0.2,0.2,.,0.2,0.4,0.1,0.1,0.2,0.3,0.1,.,.,.,0.1,0.1,0.2,0.2,.,.,0.0,0.2,0.1,0.0,.,.,0.3,0.1,0.0,0.3,0.2,0.1,.,0.1,1.4,.,.,.,.,.,0.3,0.2,0.1,0.3,0.1,0.2,.,.,0.2,.,.,0.3,0.2,.,0.0,0.1,0.2,0.1,0.7,0.1,.,.,.,.,.,0.1,.,.,.,0.0,0.1,0.1,0.1,.,.,.,.,.,0.1,0.0,.,.,0.1,0.1,.,.,.,0.1,2.4,0.1,0.0,0.1,0.1,0.1,.,.,.,0.2,0.2,0.3,0.1,.,.,0.1,0.0,0.0,0.1,.,.,.,.,0.1,0.0,0.0,0.1,0.0,.,0.0,0.0,0.1,.,.,.,.,.,0.0,0.1,.,0.0,0.0,0.0,0.0,.,0.1,0.0,0.1,0.1,0.0,0.1,0.0,0.1,0.0,0.0,.,0.0,0.0,.,0.0,0.0,19.3,0.4,.,0.3,.,0.7,1.0,0.4,0.7,0.8,0.6,1.5,25.2,0.5,0.5,.,.,.,1.3,7.6,.,.,.,87.9,53.4,60.0,0.4,0.4,.,.,2.0,0.4,0.4,0.5,31.2,81.7,64.2,82.6,0.4,43.7,51.0,0.6,.,.,.,0.2,0.7,0.5,71.5,25.8,.,0.7,0.7,80.3,.,.,.,.,0.5,0.1,0.1,0.2,.,0.1,.,.,.,0.1,.,.,.,0.1,0.2,0.1,0.1,0.2,0.1,0.0,0.1,0.0,1.4,0.1,0.3,0.0,0.1,.,0.1,0.1,0.1,0.2,.,.,.,0.2,0.1,0.2,0.1,0.3,0.1,0.1,.,0.1,.,0.1,.,0.2,0.0,0.1,0.1,0.2,0.1,0.0,0.0,0.1,0.1,0.3,.,.,.,.,.,0.1,0.1,0.2,0.2,0.5,0.1,0.1,.,.,0.1,0.3,0.0,0.2,.,0.1,0.1,0.3,0.2,.,.,.,.,0.1,0.1,.,0.0,0.1,0.3,1.8,1.5,0.1,0.0,0.4,0.3,0.0,0.4,0.0,0.2,0.2,0.2,.,0.1,0.5,0.1,0.2,0.2,0.2,0.0,11.1,0.2,0.0,0.0,0.0,0.0,0.0,0.0,0.0,0.0,0.0,0.0,0.0,0.0,0.0,0.0,0.0,0.0,0.0
"2023","Yhteens�","KD",4.2,1.9,1.9,3.5,2.5,3.1,2.8,3.8,3.8,1.9,4.2,3.0,2.5,3.8,2.8,2.5,1.8,.,.,.,6.3,.,.,.,.,.,2.7,3.8,4.3,3.2,1.6,2.5,.,.,1.3,.,.,.,.,2.8,2.4,3.9,4.8,2.8,3.8,3.3,.,1.5,3.4,1.2,.,.,.,4.3,3.6,.,3.1,.,.,.,1.7,.,.,.,.,.,2.6,5.1,.,.,4.4,.,2.5,.,.,.,3.9,3.1,3.8,2.9,2.7,.,.,3.5,3.5,.,2.7,.,.,.,.,.,.,.,.,.,3.0,2.2,2.3,2.5,2.2,.,1.7,3.2,2.9,.,3.4,.,3.2,2.9,.,6.3,3.0,.,1.8,2.6,1.8,3.0,3.9,3.6,.,.,2.7,.,.,.,3.8,1.7,.,3.7,.,5.5,7.0,3.8,5.6,5.1,6.7,6.5,.,4.5,5.3,.,.,.,.,.,6.4,.,.,2.3,5.3,2.8,3.5,5.9,.,3.3,4.5,.,7.8,6.9,4.5,4.4,4.1,5.5,4.8,.,.,.,5.4,10.5,4.6,7.4,.,.,19.3,4.6,6.3,4.5,.,.,4.4,6.5,37.6,6.1,2.1,5.0,.,4.1,6.4,.,.,.,.,.,4.4,3.0,3.3,6.4,9.6,5.1,.,.,3.5,.,.,4.9,2.7,.,1.4,2.6,5.8,3.9,3.3,3.4,.,.,.,.,.,3.1,.,.,.,2.6,4.2,3.8,3.3,.,.,.,.,.,3.2,5.4,.,.,3.9,5.2,.,.,.,5.1,2.6,2.9,3.4,3.6,4.6,5.2,.,.,.,3.1,4.7,1.6,9.8,.,.,8.2,17.5,4.7,7.0,.,.,.,.,9.5,12.2,11.7,15.2,10.2,.,9.5,7.5,9.6,.,.,.,.,.,6.8,21.8,.,8.1,4.8,9.9,11.1,.,10.3,8.9,14.1,15.7,9.3,10.8,15.6,14.1,9.8,8.8,.,10.2,7.7,.,11.8,25.4,6.9,10.4,.,6.2,.,7.2,12.5,5.3,2.9,5.5,6.2,2.2,1.9,2.1,6.9,.,.,.,5.4,9.3,.,.,.,2.0,3.4,8.7,4.8,3.2,.,.,4.2,5.6,4.5,5.2,51.3,2.2,4.2,3.2,5.6,10.2,31.4,5.6,.,.,.,12.1,5.5,9.9,6.6,3.8,.,7.8,6.8,3.7,.,.,.,.,4.0,5.3,4.2,7.7,.,5.1,.,.,.,3.8,.,.,.,1.8,5.7,7.5,1.8,1.8,6.1,8.0,6.2,6.3,4.8,5.1,7.6,3.5,5.5,.,11.0,8.9,6.7,4.6,.,.,.,2.8,2.6,2.8,1.9,1.2,6.4,1.7,.,4.1,.,4.6,.,2.3,4.7,1.2,2.3,2.1,2.0,6.0,1.7,1.7,18.1,1.8,.,.,.,.,.,5.4,2.0,3.4,2.4,3.8,2.3,2.7,.,.,1.1,5.8,2.6,2.1,.,10.7,3.2,2.2,1.6,.,.,.,.,1.4,2.0,.,1.1,2.7,1.1,1.6,1.4,0.7,0.7,0.8,0.7,1.4,1.8,0.5,0.9,0.8,1.3,.,1.0,0.8,0.5,1.2,1.3,1.1,0.8,2.6,1.0,0.0,0.0,0.0,0.0,0.0,0.0,0.0,0.0,0.0,0.0,0.0,0.0,0.0,0.0,0.0,0.0,0.0
"2023","Yhteens�","LIIKE",2.4,2.3,2.3,3.7,4.6,2.9,2.8,4.3,4.4,1.3,4.0,3.8,1.8,3.9,3.3,2.8,3.4,.,.,.,4.0,.,.,.,.,.,2.6,3.9,4.9,4.8,4.2,4.3,.,.,2.5,.,.,.,.,5.6,4.0,4.3,4.1,2.3,2.7,2.3,.,3.1,1.1,1.1,.,.,.,2.1,2.5,.,2.1,.,.,.,1.3,.,.,.,.,.,2.3,2.5,.,.,2.5,.,1.4,.,.,.,2.5,1.2,3.1,2.9,2.1,.,.,2.3,3.0,.,3.7,.,.,.,.,.,.,.,.,.,2.9,1.8,1.2,2.2,1.8,.,9.3,1.8,0.9,.,1.3,.,1.2,1.7,.,0.4,0.6,.,0.5,1.0,0.7,1.3,1.1,2.6,.,.,1.3,.,.,.,0.3,0.8,.,2.1,.,3.1,1.7,1.6,1.0,3.8,4.7,2.2,.,1.4,3.7,.,.,.,.,.,1.7,.,.,1.7,3.7,1.6,2.4,3.2,.,6.4,2.7,.,1.6,5.0,1.4,1.4,2.0,2.5,2.9,.,.,.,1.9,1.0,1.5,3.0,.,.,1.2,2.2,3.1,1.3,.,.,3.0,2.0,0.6,3.4,0.7,3.0,.,1.5,1.3,.,.,.,.,.,2.7,1.8,1.8,2.8,1.1,3.2,.,.,3.5,.,.,9.3,4.3,.,2.3,1.9,2.0,1.5,1.8,1.9,.,.,.,.,.,1.9,.,.,.,2.2,1.7,1.1,2.7,.,.,.,.,.,1.6,3.1,.,.,0.6,2.4,.,.,.,1.7,1.5,5.0,1.2,2.5,1.6,18.8,.,.,.,3.3,2.6,1.1,2.1,.,.,1.5,1.5,0.8,2.4,.,.,.,.,1.3,0.6,0.5,0.9,3.0,.,4.7,2.3,2.4,.,.,.,.,.,1.1,1.7,.,1.2,1.0,2.4,1.2,.,1.1,0.9,1.3,1.2,0.5,2.8,0.9,2.2,1.7,2.3,.,0.8,1.0,.,1.4,1.4,1.5,0.6,.,1.4,.,1.0,0.3,1.5,1.3,2.1,0.8,0.5,1.0,1.2,1.5,.,.,.,1.7,1.1,.,.,.,0.4,1.0,0.7,1.9,1.1,.,.,1.8,1.1,1.3,0.2,0.4,0.3,1.2,0.5,0.6,0.9,0.6,3.1,.,.,.,0.5,1.1,0.5,0.4,2.0,.,1.0,0.4,0.7,.,.,.,.,1.8,1.3,1.0,1.1,.,1.7,.,.,.,0.9,.,.,.,0.3,0.3,0.9,0.4,0.5,1.0,0.1,1.2,0.4,0.9,1.2,1.5,0.5,0.8,.,0.8,1.1,0.7,0.8,.,.,.,1.1,0.6,0.9,0.8,0.3,0.4,0.8,.,0.7,.,0.9,.,1.1,0.2,1.6,0.7,1.5,0.9,0.7,0.8,0.6,0.7,1.3,.,.,.,.,.,0.4,1.4,0.8,0.7,0.5,0.7,0.7,.,.,1.1,0.3,2.6,0.9,.,0.5,1.3,0.5,0.5,.,.,.,.,0.9,0.4,.,0.4,1.0,0.7,0.9,0.7,0.4,0.4,1.4,1.2,0.4,0.9,0.4,0.3,0.4,0.8,.,0.2,0.2,0.4,0.6,1.2,0.6,0.0,0.3,0.5,.,.,.,.,.,.,.,.,.,.,.,.,.,.,.,.,.
"2023","Yhteens�","SKP",0.1,0.2,0.2,0.1,0.0,0.1,0.1,0.1,0.1,0.0,0.1,0.1,0.0,0.1,0.0,0.3,0.1,.,.,.,0.1,.,.,.,.,.,0.0,0.0,0.0,0.0,0.3,0.1,.,.,0.1,.,.,.,.,0.1,0.0,0.1,0.1,0.0,0.0,0.0,.,0.0,0.2,0.0,.,.,.,0.0,0.0,.,0.2,.,.,.,0.0,.,.,.,.,.,0.1,0.0,.,.,0.1,.,0.0,.,.,.,0.0,0.0,0.0,0.1,0.0,.,.,0.0,0.0,.,0.0,.,.,.,.,.,.,.,.,.,0.0,0.0,0.0,0.0,0.0,.,0.1,0.0,0.0,.,0.0,.,0.0,0.0,.,0.0,0.0,.,0.0,0.0,0.0,0.0,0.0,0.0,.,.,0.0,.,.,.,0.0,0.0,.,0.0,.,0.1,0.0,0.1,0.0,0.0,0.1,0.0,.,0.0,0.0,.,.,.,.,.,0.0,.,.,0.1,0.0,0.1,0.0,0.1,.,0.1,0.1,.,0.1,0.1,0.0,0.1,0.0,0.2,0.2,.,.,.,0.1,0.2,0.2,0.1,.,.,0.0,0.2,0.1,0.1,.,.,0.2,0.1,0.1,0.0,0.1,0.1,.,0.2,0.1,.,.,.,.,.,0.2,0.2,0.3,0.1,0.1,0.1,.,.,0.1,.,.,0.0,0.1,.,0.2,0.1,0.1,0.1,0.3,0.1,.,.,.,.,.,0.1,.,.,.,0.1,0.1,0.0,0.1,.,.,.,.,.,0.3,0.0,.,.,0.1,0.1,.,.,.,0.2,0.1,0.1,0.1,0.0,0.0,0.1,.,.,.,0.1,0.1,0.1,0.1,.,.,0.1,0.0,0.2,0.2,.,.,.,.,0.0,0.2,0.0,0.1,0.0,.,0.1,0.1,0.1,.,.,.,.,.,0.1,0.0,.,0.1,0.1,0.0,0.0,.,0.0,0.0,0.1,0.1,0.1,0.1,0.1,0.1,0.1,0.3,.,0.2,0.0,.,0.0,0.0,0.0,0.0,.,0.0,.,0.0,0.0,0.0,0.0,0.0,0.0,0.0,0.3,0.1,0.1,.,.,.,0.0,0.0,.,.,.,0.0,0.0,0.1,0.0,0.1,.,.,0.1,0.0,0.0,0.0,0.0,0.0,0.0,0.0,0.1,0.1,0.0,0.1,.,.,.,0.0,0.4,0.0,0.0,0.1,.,0.0,0.1,0.0,.,.,.,.,0.0,0.2,0.2,0.2,.,0.2,.,.,.,0.1,.,.,.,0.0,0.1,0.2,0.0,0.0,0.1,0.0,0.1,0.0,0.0,0.2,0.0,0.0,0.1,.,0.1,0.0,0.1,0.1,.,.,.,0.1,0.0,0.0,0.1,0.2,0.0,0.1,.,0.2,.,0.1,.,0.0,0.1,0.1,0.1,0.0,0.1,0.0,0.1,0.1,0.1,0.1,.,.,.,.,.,0.0,0.1,0.3,0.1,0.1,0.0,0.1,.,.,0.1,0.3,0.0,0.1,.,0.1,0.1,0.0,0.2,.,.,.,.,0.2,0.0,.,0.0,0.1,0.2,0.1,0.1,0.4,0.0,0.3,0.4,0.2,0.2,0.0,0.3,0.1,0.1,.,0.4,0.3,0.1,0.1,0.4,0.2,0.3,0.3,0.2,0.0,0.0,0.0,0.0,0.0,0.0,0.0,0.0,0.0,0.0,0.0,0.0,0.0,0.0,0.0,0.0,0.0
"2023","Yhteens�","LIBE",0.5,0.9,0.9,0.8,0.2,1.3,0.3,0.8,0.5,0.3,0.7,0.3,0.6,0.7,0.6,0.4,0.3,.,.,.,0.4,.,.,.,.,.,0.1,0.4,0.5,0.4,0.2,0.4,.,.,0.2,.,.,.,.,0.4,0.5,0.6,0.5,0.4,0.2,0.3,.,0.2,0.0,0.0,.,.,.,0.2,0.4,.,0.3,.,.,.,0.2,.,.,.,.,.,0.4,0.3,.,.,0.2,.,0.3,.,.,.,0.3,0.1,0.4,0.2,0.3,.,.,0.4,0.4,.,0.4,.,.,.,.,.,.,.,.,.,0.5,0.2,0.2,0.6,0.3,.,0.3,.,.,.,.,.,.,.,.,.,.,.,.,.,.,.,.,.,.,.,.,.,.,.,.,.,.,.,.,0.4,0.1,0.2,0.2,0.5,0.3,0.3,.,0.2,0.5,.,.,.,.,.,0.2,.,.,0.2,0.4,0.2,0.2,0.5,.,0.2,0.3,.,0.2,0.4,0.2,0.1,0.4,0.7,0.7,.,.,.,0.3,0.3,0.2,0.4,.,.,0.1,0.5,0.6,0.2,.,.,0.5,0.3,0.1,0.6,0.1,0.3,.,0.2,0.2,.,.,.,.,.,0.9,0.2,0.5,0.4,0.2,0.3,.,.,0.2,.,.,0.0,0.2,.,0.1,0.2,0.2,0.1,0.3,0.3,.,.,.,.,.,0.4,.,.,.,0.2,0.3,0.6,0.2,.,.,.,.,.,0.1,0.0,.,.,0.0,0.1,.,.,.,0.1,0.1,0.1,0.0,0.1,0.2,0.1,.,.,.,0.2,0.1,0.2,0.2,.,.,0.2,0.2,0.1,0.2,.,.,.,.,0.0,0.1,0.0,0.1,0.1,.,0.0,0.2,0.3,.,.,.,.,.,0.2,0.3,.,0.2,0.1,0.1,0.1,.,0.3,0.2,0.3,0.0,0.1,0.1,0.0,0.2,0.9,0.1,.,0.3,0.1,.,0.1,0.1,0.2,0.1,.,0.1,.,0.0,0.0,0.2,0.0,0.1,0.1,0.0,0.1,0.1,0.1,.,.,.,0.6,0.3,.,.,.,0.1,0.2,0.1,0.0,0.1,.,.,0.2,0.1,0.1,0.0,0.0,0.0,0.1,0.1,0.0,0.2,0.1,0.2,.,.,.,0.0,0.1,0.0,0.0,0.4,.,0.0,0.1,0.1,.,.,.,.,0.1,.,.,.,.,.,.,.,.,.,.,.,.,.,.,.,.,.,.,.,.,.,.,.,.,.,.,.,.,.,.,.,.,.,.,0.5,0.1,0.2,0.1,0.0,0.0,0.2,.,0.3,.,0.2,.,0.3,0.1,0.2,0.1,0.2,0.1,0.2,0.2,0.2,0.2,0.8,.,.,.,.,.,0.3,0.1,0.3,0.3,0.0,0.1,0.1,.,.,0.4,0.0,0.1,0.0,.,0.2,0.5,0.2,0.2,.,.,.,.,0.2,0.3,.,0.1,0.4,0.2,0.0,0.2,0.1,0.1,0.2,0.2,0.1,0.1,0.0,0.1,0.1,0.3,.,0.0,0.2,0.1,0.1,0.1,0.1,0.0,0.1,0.1,.,.,.,.,.,.,.,.,.,.,.,.,.,.,.,.,.
"2023","Yhteens�","Piraattip.",0.1,0.3,0.3,0.1,0.1,0.1,0.1,0.2,0.1,0.0,0.1,0.0,0.1,0.1,0.1,0.0,0.0,.,.,.,0.0,.,.,.,.,.,0.1,0.1,0.1,0.1,0.0,0.1,.,.,0.0,.,.,.,.,0.1,0.1,0.1,0.1,0.0,0.0,0.0,.,0.0,0.0,0.0,.,.,.,0.0,0.0,.,0.0,.,.,.,0.0,.,.,.,.,.,0.0,0.0,.,.,0.0,.,0.0,.,.,.,0.0,0.0,0.0,0.0,0.0,.,.,0.0,0.0,.,0.0,.,.,.,.,.,.,.,.,.,0.0,0.0,0.0,0.0,0.0,.,0.0,0.1,0.1,.,0.0,.,0.0,0.0,.,0.0,0.0,.,0.0,0.1,0.0,0.1,0.0,0.1,.,.,0.0,.,.,.,0.1,0.0,.,0.0,.,0.0,0.0,0.0,0.0,0.0,0.0,0.1,.,0.0,0.0,.,.,.,.,.,0.0,.,.,0.0,0.1,0.1,0.0,0.0,.,0.1,0.1,.,0.0,0.1,0.0,0.0,0.0,0.1,0.1,.,.,.,0.0,0.1,0.1,0.1,.,.,0.0,0.1,0.1,0.1,.,.,0.1,0.0,0.1,0.1,0.0,0.1,.,0.2,0.1,.,.,.,.,.,0.2,0.3,0.1,0.1,0.0,0.1,.,.,0.0,.,.,0.0,0.0,.,0.0,0.0,0.0,0.0,0.0,0.0,.,.,.,.,.,0.0,.,.,.,0.0,0.0,0.0,0.0,.,.,.,.,.,0.0,0.0,.,.,0.0,0.0,.,.,.,0.0,0.0,0.0,0.0,0.0,0.0,0.0,.,.,.,0.0,0.0,0.0,0.1,.,.,0.0,0.1,0.0,0.3,.,.,.,.,0.3,0.0,0.0,0.0,0.1,.,0.1,0.1,0.2,.,.,.,.,.,0.1,0.0,.,0.0,0.1,0.2,0.1,.,0.0,0.0,0.1,0.1,0.0,0.1,0.0,0.2,0.2,0.0,.,0.1,0.1,.,0.1,0.0,0.0,0.0,.,0.0,.,0.0,0.0,0.0,0.0,0.0,0.0,0.0,0.0,0.0,0.0,.,.,.,0.0,0.0,.,.,.,0.0,0.0,0.0,0.0,0.0,.,.,0.0,0.0,0.0,0.0,0.0,0.0,0.0,0.0,0.0,0.0,0.0,0.0,.,.,.,0.0,0.0,0.0,0.0,0.0,.,0.0,0.0,0.0,.,.,.,.,0.0,0.1,0.2,0.0,.,0.2,.,.,.,0.1,.,.,.,0.0,0.0,0.1,0.0,0.0,0.1,0.0,0.1,0.0,0.1,0.1,0.1,0.0,0.1,.,0.0,0.2,0.1,0.1,.,.,.,0.0,0.0,0.0,0.0,0.0,0.0,0.0,.,0.0,.,0.0,.,0.0,0.0,0.0,0.0,0.0,0.0,0.0,0.0,0.0,0.0,0.0,.,.,.,.,.,0.0,0.0,0.0,0.0,0.0,0.0,0.0,.,.,0.0,0.0,0.0,0.0,.,0.0,0.0,0.0,0.0,.,.,.,.,0.0,0.0,.,0.0,0.0,0.0,0.0,0.0,0.0,0.0,0.0,0.0,0.0,0.0,0.0,0.0,0.0,0.0,.,0.0,0.0,0.0,0.0,0.0,0.0,0.0,0.0,0.0,.,.,.,.,.,.,.,.,.,.,.,.,.,.,.,.,.
"2023","Yhteens�","EOP",0.1,0.2,0.2,0.1,0.2,0.1,0.2,0.1,0.1,0.3,0.1,0.1,0.0,0.1,0.2,0.4,0.2,.,.,.,0.2,.,.,.,.,.,0.1,0.2,0.1,0.2,0.2,0.2,.,.,0.1,.,.,.,.,0.1,0.1,0.1,0.1,0.1,0.1,0.1,.,0.1,0.0,0.1,.,.,.,0.2,0.1,.,0.0,.,.,.,0.1,.,.,.,.,.,0.0,0.1,.,.,0.1,.,0.2,.,.,.,0.0,0.0,0.1,0.0,0.0,.,.,0.1,0.1,.,0.1,.,.,.,.,.,.,.,.,.,0.0,0.1,0.0,0.1,0.1,.,0.1,.,.,.,.,.,.,.,.,.,.,.,.,.,.,.,.,.,.,.,.,.,.,.,.,.,.,.,.,0.2,0.1,0.2,0.0,0.2,0.2,0.1,.,0.1,0.2,.,.,.,.,.,0.1,.,.,0.1,0.2,0.2,0.4,0.3,.,0.2,0.2,.,0.3,0.2,0.0,0.1,0.2,0.2,0.2,.,.,.,0.2,0.2,0.0,0.1,.,.,0.0,0.1,0.1,0.1,.,.,0.3,0.2,0.2,0.1,0.1,0.2,.,0.1,0.1,.,.,.,.,.,0.2,0.2,0.1,0.2,0.1,0.2,.,.,.,.,.,.,.,.,.,.,.,.,.,.,.,.,.,.,.,.,.,.,.,.,.,.,.,.,.,.,.,.,.,.,.,.,.,.,.,.,.,.,.,.,.,.,.,.,.,.,.,.,.,.,0.1,.,.,0.1,0.1,0.1,0.2,.,.,.,.,0.1,0.2,0.0,0.1,0.3,.,0.1,0.1,0.2,.,.,.,.,.,0.1,0.1,.,0.2,0.1,0.1,0.1,.,0.1,0.1,0.2,0.0,0.2,0.1,0.0,0.1,0.1,0.2,.,0.1,0.1,.,0.3,0.1,.,.,.,.,.,.,.,.,.,.,.,.,.,.,.,.,.,.,.,.,.,.,.,.,.,.,.,.,.,.,.,.,.,.,.,.,.,.,.,.,.,.,.,.,.,.,.,.,.,.,.,.,.,.,.,.,.,.,.,0.0,0.0,0.0,.,0.0,.,.,.,0.0,.,.,.,0.0,0.0,0.0,0.0,0.0,0.0,0.0,0.0,0.0,0.0,0.0,0.0,0.0,0.0,.,0.0,0.0,0.0,0.0,.,.,.,.,.,.,.,.,.,.,.,.,.,.,.,.,.,.,.,.,.,.,.,.,.,.,.,.,.,.,.,.,.,.,.,.,.,.,.,.,.,.,.,.,.,.,.,.,.,.,.,.,.,.,.,.,.,.,.,.,.,.,.,.,.,.,.,.,.,.,.,.,.,.,.,.,.,.,.,.,.,.,.,.,.,.,.,.,.,.,.,.,.,.,.,.,.,.
"2023","Yhteens�","FP",0.0,0.1,0.1,0.1,0.1,0.1,0.0,0.1,0.1,0.1,0.1,0.0,0.0,0.0,0.1,0.1,0.0,.,.,.,0.0,.,.,.,.,.,0.0,0.1,0.1,0.0,0.2,0.1,.,.,0.1,.,.,.,.,0.1,0.0,0.1,0.1,0.0,0.0,0.0,.,0.0,0.0,0.0,.,.,.,0.0,0.0,.,0.0,.,.,.,0.0,.,.,.,.,.,0.0,0.0,.,.,0.0,.,0.0,.,.,.,0.0,0.0,0.0,0.0,0.0,.,.,0.0,0.0,.,0.0,.,.,.,.,.,.,.,.,.,0.0,0.0,0.0,0.0,0.0,.,0.0,0.0,0.0,.,0.0,.,0.0,0.0,.,0.0,0.0,.,0.0,0.0,0.0,0.0,0.0,0.0,.,.,0.0,.,.,.,0.0,0.0,.,0.0,.,0.0,0.0,0.0,0.0,0.0,0.0,0.0,.,0.0,0.0,.,.,.,.,.,0.0,.,.,0.0,0.0,0.0,0.0,0.0,.,0.0,0.0,.,0.0,0.0,0.0,0.0,0.0,0.0,0.0,.,.,.,0.0,0.0,0.0,0.0,.,.,0.0,0.0,0.0,0.0,.,.,0.0,0.0,0.1,0.0,0.0,0.0,.,0.0,0.0,.,.,.,.,.,0.1,0.0,0.0,0.0,0.0,0.0,.,.,0.0,.,.,0.0,0.0,.,0.0,0.0,0.0,0.0,0.0,0.0,.,.,.,.,.,0.0,.,.,.,0.0,0.0,0.0,0.0,.,.,.,.,.,0.0,0.0,.,.,0.0,0.0,.,.,.,0.0,0.0,0.0,0.0,0.0,0.0,0.0,.,.,.,0.0,0.0,0.0,0.0,.,.,0.0,0.0,0.0,0.0,.,.,.,.,0.0,0.0,0.0,0.0,0.0,.,0.0,0.0,0.0,.,.,.,.,.,0.0,0.0,.,0.0,0.0,0.0,0.0,.,0.0,0.0,0.0,0.0,0.0,0.0,0.0,0.0,0.0,0.0,.,0.0,0.0,.,0.0,0.0,0.0,0.0,.,0.0,.,0.0,0.0,0.0,0.0,0.0,0.0,0.0,0.0,0.0,0.0,.,.,.,0.0,0.0,.,.,.,0.0,0.0,0.0,0.0,0.0,.,.,0.0,0.0,0.0,0.0,0.0,0.0,0.0,0.0,0.0,0.0,0.0,0.0,.,.,.,0.0,0.0,0.0,0.0,0.0,.,0.0,0.0,0.0,.,.,.,.,0.0,0.0,0.0,0.0,.,0.0,.,.,.,0.0,.,.,.,0.0,0.0,0.0,0.0,0.0,0.0,0.0,0.0,0.0,0.0,0.0,0.0,0.0,0.0,.,0.0,0.0,0.0,0.0,.,.,.,0.0,0.0,0.0,0.0,0.0,0.0,0.0,.,0.0,.,0.0,.,0.0,0.0,0.0,0.0,0.0,0.0,0.0,0.0,0.0,0.0,0.0,.,.,.,.,.,0.0,0.0,0.0,0.0,0.0,0.0,0.0,.,.,0.0,0.0,0.0,0.0,.,0.0,0.0,0.0,0.0,.,.,.,.,0.0,0.0,.,0.0,0.0,0.0,0.0,0.0,0.0,0.0,0.0,0.0,0.0,0.0,0.0,0.0,0.0,0.0,.,0.0,0.0,0.0,0.0,0.0,0.0,0.0,0.0,0.0,.,.,.,.,.,.,.,.,.,.,.,.,.,.,.,.,.
"2023","Yhteens�","KaL",0.0,0.0,0.0,0.0,0.1,0.0,0.0,0.0,0.0,0.0,0.0,0.0,0.0,0.0,0.0,0.0,0.0,.,.,.,0.0,.,.,.,.,.,0.0,0.0,0.0,0.0,0.0,0.0,.,.,0.0,.,.,.,.,0.0,0.0,0.0,0.0,0.0,0.0,0.0,.,0.0,0.0,0.0,.,.,.,0.0,0.0,.,0.0,.,.,.,0.0,.,.,.,.,.,0.0,0.0,.,.,0.0,.,0.0,.,.,.,0.0,0.0,0.0,0.0,0.0,.,.,0.0,0.0,.,0.0,.,.,.,.,.,.,.,.,.,0.0,0.0,0.0,0.0,0.0,.,0.0,0.0,0.0,.,0.0,.,0.0,0.0,.,0.0,0.0,.,0.0,0.0,0.0,0.0,0.0,0.0,.,.,0.0,.,.,.,0.0,0.0,.,0.0,.,0.0,0.0,0.0,0.0,0.0,0.0,0.0,.,0.0,0.0,.,.,.,.,.,0.0,.,.,0.0,0.0,0.0,0.0,0.0,.,0.0,0.0,.,0.0,0.0,0.0,0.0,0.0,0.0,0.0,.,.,.,0.0,0.0,0.0,0.0,.,.,0.0,0.0,0.0,0.0,.,.,0.0,0.0,0.0,0.0,0.0,0.0,.,0.0,0.0,.,.,.,.,.,0.0,0.0,0.0,0.0,0.0,0.1,.,.,0.0,.,.,0.0,0.0,.,0.0,0.0,0.0,0.0,0.0,0.0,.,.,.,.,.,0.0,.,.,.,0.0,0.0,0.0,0.0,.,.,.,.,.,0.0,0.0,.,.,0.0,0.0,.,.,.,0.0,0.0,0.0,0.0,0.0,0.0,0.0,.,.,.,0.0,0.0,0.0,0.0,.,.,0.0,0.0,0.0,0.0,.,.,.,.,0.0,0.0,0.0,0.0,0.0,.,0.0,0.0,0.0,.,.,.,.,.,0.0,0.0,.,0.0,0.0,0.0,0.0,.,0.0,0.0,0.0,0.0,0.0,0.0,0.0,0.0,0.0,0.0,.,0.0,0.0,.,0.0,0.0,0.0,0.0,.,0.0,.,0.0,0.0,0.0,0.0,0.0,0.0,0.1,0.0,0.0,0.0,.,.,.,0.0,0.0,.,.,.,0.0,0.0,0.0,0.0,0.0,.,.,0.0,0.0,0.0,0.0,0.0,0.0,0.0,0.0,0.1,0.0,0.0,0.0,.,.,.,0.1,0.0,0.0,0.0,0.0,.,0.0,0.0,0.0,.,.,.,.,0.0,0.0,0.0,0.0,.,0.0,.,.,.,0.0,.,.,.,0.0,0.0,0.0,0.0,0.0,0.0,0.0,0.0,0.0,0.0,0.0,0.0,0.0,0.0,.,0.0,0.0,0.0,0.0,.,.,.,0.0,0.0,0.0,0.0,0.0,0.0,0.0,.,0.0,.,0.0,.,0.0,0.0,0.0,0.0,0.0,0.0,0.0,0.0,0.0,0.0,0.0,.,.,.,.,.,0.0,0.0,0.0,0.0,0.0,0.0,0.0,.,.,0.0,0.0,0.0,0.0,.,0.0,0.0,0.0,0.0,.,.,.,.,0.0,0.0,.,0.0,0.0,0.0,0.0,0.0,0.0,0.0,0.0,0.0,0.0,0.0,0.0,0.0,0.0,0.0,.,0.0,0.0,0.0,0.0,0.0,0.0,0.0,0.0,0.0,0.0,0.0,0.0,0.0,0.0,0.0,0.0,0.0,0.0,0.0,0.0,0.0,0.0,0.0,0.0,0.0,0.0
"2023","Yhteens�","KL",0.0,0.2,0.2,0.0,0.0,0.0,0.0,0.0,0.0,0.1,0.1,0.0,0.0,0.1,0.0,0.0,0.0,.,.,.,0.0,.,.,.,.,.,0.0,0.0,0.1,0.1,0.0,0.0,.,.,0.0,.,.,.,.,0.0,0.0,0.1,0.1,0.0,0.0,0.0,.,0.0,0.0,0.0,.,.,.,0.0,0.0,.,0.0,.,.,.,0.0,.,.,.,.,.,0.0,0.0,.,.,0.0,.,0.0,.,.,.,0.0,0.0,0.0,0.0,0.0,.,.,0.0,0.0,.,0.0,.,.,.,.,.,.,.,.,.,0.0,0.0,0.0,0.0,0.0,.,0.0,.,.,.,.,.,.,.,.,.,.,.,.,.,.,.,.,.,.,.,.,.,.,.,.,.,.,.,.,0.0,0.0,0.0,0.0,0.0,0.0,0.0,.,0.0,0.0,.,.,.,.,.,0.0,.,.,0.0,0.0,0.0,0.0,0.0,.,0.0,0.0,.,0.0,0.0,0.0,0.0,0.0,0.0,0.0,.,.,.,0.0,0.0,0.0,0.0,.,.,0.0,0.0,0.0,0.0,.,.,0.0,0.0,0.0,0.0,0.0,0.0,.,0.0,0.0,.,.,.,.,.,0.0,0.0,0.0,0.0,0.0,0.0,.,.,0.1,.,.,0.0,0.1,.,2.2,0.2,0.1,0.1,0.1,0.1,.,.,.,.,.,0.1,.,.,.,0.1,0.1,0.0,0.1,.,.,.,.,.,0.2,0.0,.,.,0.0,0.2,.,.,.,0.1,0.1,0.0,0.0,0.1,0.2,0.1,.,.,.,0.0,0.1,0.0,0.0,.,.,0.0,0.0,0.0,0.0,.,.,.,.,0.0,0.0,0.0,0.0,0.0,.,0.0,0.0,0.0,.,.,.,.,.,0.0,0.0,.,0.0,0.0,0.0,0.0,.,0.0,0.0,0.0,0.0,0.0,0.0,0.0,0.0,0.0,0.0,.,0.0,0.0,.,0.0,0.0,0.0,0.0,.,0.0,.,0.0,0.0,0.0,0.0,0.0,0.0,0.0,0.0,0.0,0.0,.,.,.,0.0,0.0,.,.,.,0.0,0.0,0.0,0.0,0.0,.,.,0.0,0.0,0.0,0.0,0.0,0.0,0.0,0.0,0.0,0.0,0.0,0.0,.,.,.,0.0,0.0,0.0,0.0,0.0,.,0.0,0.0,0.0,.,.,.,.,0.0,0.0,0.0,0.0,.,0.0,.,.,.,0.0,.,.,.,0.0,0.0,0.0,0.0,0.0,0.0,0.0,0.0,0.0,0.0,0.0,0.0,0.0,0.0,.,0.0,0.0,0.0,0.0,.,.,.,0.0,0.0,0.0,0.5,0.0,0.0,0.0,.,0.0,.,0.0,.,0.0,0.1,0.0,0.1,0.0,0.0,0.0,0.1,0.1,0.0,0.0,.,.,.,.,.,0.1,0.0,0.0,0.0,0.0,0.0,0.1,.,.,0.2,0.1,0.0,0.0,.,0.0,0.0,0.1,0.1,.,.,.,.,0.0,0.1,.,0.1,0.1,0.0,0.0,0.0,0.0,0.0,0.0,0.0,0.0,0.0,0.0,0.0,0.0,0.0,.,0.0,0.0,0.0,0.0,0.0,0.0,0.0,0.0,0.0,.,.,.,.,.,.,.,.,.,.,.,.,.,.,.,.,.
"2023","Yhteens�","SKE",0.0,0.1,0.1,0.0,0.0,0.0,0.0,0.0,0.0,0.1,0.0,0.0,0.0,0.1,0.0,0.0,0.0,.,.,.,0.0,.,.,.,.,.,0.0,0.0,0.0,0.0,0.1,0.0,.,.,0.1,.,.,.,.,0.0,0.0,0.0,0.1,0.0,0.0,0.0,.,0.0,0.0,0.0,.,.,.,0.0,0.0,.,0.0,.,.,.,0.0,.,.,.,.,.,0.0,0.0,.,.,0.0,.,0.0,.,.,.,0.0,0.0,0.0,0.0,0.0,.,.,0.0,0.0,.,0.0,.,.,.,.,.,.,.,.,.,0.0,0.0,0.0,0.0,0.0,.,0.0,0.0,0.0,.,0.0,.,0.0,0.0,.,0.0,0.0,.,0.1,0.1,0.2,0.0,0.0,0.0,.,.,0.0,.,.,.,0.0,0.1,.,0.1,.,0.3,0.3,0.2,0.2,0.2,0.3,0.3,.,0.5,0.2,.,.,.,.,.,0.3,.,.,0.4,0.2,0.2,0.6,0.4,.,0.2,0.3,.,0.5,0.3,0.1,0.1,0.2,0.0,0.1,.,.,.,0.0,0.0,0.0,0.0,.,.,0.0,0.1,0.0,0.0,.,.,0.0,0.0,0.0,0.0,0.0,0.1,.,0.0,0.0,.,.,.,.,.,0.0,0.0,0.0,0.0,0.0,0.0,.,.,0.0,.,.,0.0,0.0,.,0.0,0.0,0.0,0.0,0.0,0.0,.,.,.,.,.,0.0,.,.,.,0.0,0.0,0.0,0.0,.,.,.,.,.,0.0,0.0,.,.,0.0,0.0,.,.,.,0.0,0.0,0.0,0.0,0.0,0.0,0.0,.,.,.,0.0,0.0,0.0,0.0,.,.,0.0,0.0,0.0,0.0,.,.,.,.,0.0,0.0,0.0,0.0,0.0,.,0.0,0.0,0.0,.,.,.,.,.,0.0,0.0,.,0.0,0.0,0.0,0.0,.,0.0,0.0,0.0,0.0,0.0,0.0,0.0,0.0,0.0,0.0,.,0.0,0.0,.,0.0,0.0,.,.,.,.,.,.,.,.,.,.,.,.,.,.,.,.,.,.,.,.,.,.,.,.,.,.,.,.,.,.,.,.,.,.,.,.,.,.,.,.,.,.,.,.,.,.,.,.,.,.,.,.,.,.,.,.,.,.,.,0.0,0.0,0.0,.,0.0,.,.,.,0.0,.,.,.,0.0,0.0,0.0,0.0,0.0,0.0,0.0,0.0,0.0,0.0,0.0,0.0,0.0,0.0,.,0.0,0.0,0.0,0.0,.,.,.,0.0,0.0,0.0,0.0,0.0,0.0,0.1,.,0.0,.,0.0,.,0.0,0.0,0.0,0.1,0.0,0.0,0.0,0.0,0.0,0.0,0.0,.,.,.,.,.,0.0,0.0,0.1,0.1,0.0,0.2,0.0,.,.,0.1,0.1,0.0,0.0,.,0.0,0.0,0.0,0.0,.,.,.,.,0.0,0.1,.,0.0,0.0,.,.,.,.,.,.,.,.,.,.,.,.,.,.,.,.,.,.,.,.,.,.,.,.,.,.,.,.,.,.,.,.,.,.,.,.,.,.,.,.
"2023","Yhteens�","AP",0.0,0.2,0.2,.,.,.,.,.,.,.,.,.,.,.,.,.,.,.,.,.,.,.,.,.,.,.,.,.,.,.,.,.,.,.,.,.,.,.,.,.,.,.,.,.,.,.,.,.,.,.,.,.,.,.,.,.,.,.,.,.,.,.,.,.,.,.,.,.,.,.,.,.,.,.,.,.,.,.,.,.,.,.,.,.,.,.,.,.,.,.,.,.,.,.,.,.,.,.,.,.,.,.,.,.,.,.,.,.,.,.,.,.,.,.,.,.,.,.,.,.,.,.,.,.,.,.,.,.,.,.,.,.,.,.,.,.,.,.,.,.,.,.,.,.,.,.,.,.,.,.,.,.,.,.,.,.,.,.,.,.,.,.,.,.,.,.,.,.,.,.,.,.,.,.,.,.,.,.,.,.,.,.,.,.,.,.,.,.,.,.,.,.,.,.,.,.,.,.,.,.,.,.,.,.,.,.,.,.,.,.,.,.,.,.,.,.,.,.,.,.,.,.,.,.,.,.,.,.,.,.,.,.,.,.,.,.,.,.,.,.,.,.,.,.,.,.,.,.,.,.,.,.,.,.,.,.,.,.,.,.,.,.,.,.,.,.,.,.,.,.,.,.,.,.,.,.,.,.,.,.,.,.,.,.,.,.,.,.,.,.,.,.,.,.,.,.,.,.,.,.,.,.,.,.,.,.,.,.,.,.,.,.,.,.,.,.,.,.,.,.,.,.,.,.,.,.,.,.,.,.,.,.,.,.,.,.,.,.,.,.,.,.,.,.,.,.,.,.,.,.,.,.,.,.,.,.,.,.,.,.,.,.,.,.,.,.,.,.,.,.,.,.,.,.,.,.,.,.,.,.,.,.,.,.,.,.,.,.,.,.,.,.,.,.,.,.,.,.,.,.,.,.,.,.,.,.,.,.,.,.,.,.,.,.,.,.,.,.,.,.,.,.,.,.,.,.,.,.,.,.,.,.,.,.,.,.,.,.,.,.,.,.,.,.,.,.,.,.,.,.,.,0.0,0.0,0.1,0.0,0.0,0.0,0.0,0.0,0.1,0.0,0.0,0.1,0.0,.,0.0,0.0,0.1,0.1,0.0,0.1,0.0,0.0,0.0,.,.,.,.,.,.,.,.,.,.,.,.,.,.,.,.,.
"2023","Yhteens�","KRIP",0.2,0.2,0.2,0.2,0.2,0.1,0.2,0.2,0.2,0.1,0.2,0.2,0.1,0.1,0.2,0.1,0.1,.,.,.,0.2,.,.,.,.,.,0.1,0.1,0.2,0.1,0.0,0.2,.,.,0.1,.,.,.,.,0.2,0.0,0.1,0.2,0.1,0.2,0.2,.,0.0,0.2,0.1,.,.,.,0.1,0.1,.,0.1,.,.,.,0.4,.,.,.,.,.,0.1,0.1,.,.,0.1,.,0.1,.,.,.,0.0,0.3,0.1,0.3,0.1,.,.,0.1,0.2,.,0.1,.,.,.,.,.,.,.,.,.,0.1,0.1,0.0,0.1,0.2,.,0.1,.,.,.,.,.,.,.,.,.,.,.,.,.,.,.,.,.,.,.,.,.,.,.,.,.,.,.,.,0.2,0.2,0.1,0.5,0.1,0.5,0.3,.,0.2,0.3,.,.,.,.,.,0.3,.,.,0.2,0.4,0.1,0.3,0.2,.,0.2,0.2,.,0.2,0.3,0.4,0.2,0.2,0.2,0.2,.,.,.,0.2,0.2,0.0,0.2,.,.,0.2,0.5,0.1,0.2,.,.,0.2,0.2,0.2,0.2,0.5,0.2,.,0.1,0.2,.,.,.,.,.,0.2,0.2,0.1,0.3,0.2,0.2,.,.,0.2,.,.,0.1,0.1,.,0.6,0.2,0.2,0.2,0.1,0.2,.,.,.,.,.,0.2,.,.,.,0.2,0.4,0.3,0.2,.,.,.,.,.,0.1,0.4,.,.,0.2,0.5,.,.,.,0.3,0.2,0.1,0.2,0.2,0.2,0.2,.,.,.,0.0,0.3,0.1,0.2,.,.,0.2,0.2,0.1,0.2,.,.,.,.,0.2,0.1,0.3,0.1,0.2,.,0.4,0.1,0.1,.,.,.,.,.,0.0,0.2,.,0.1,0.0,0.1,0.2,.,0.2,0.1,0.1,0.0,0.3,0.2,0.2,0.1,0.1,0.3,.,0.2,0.1,.,0.1,0.3,0.1,0.1,.,0.1,.,0.0,0.2,0.0,0.0,0.0,0.0,0.0,0.1,0.1,0.1,.,.,.,0.2,0.1,.,.,.,0.0,0.0,0.0,0.3,0.0,.,.,0.1,0.1,0.1,0.0,0.1,0.1,0.1,0.0,0.1,0.2,0.0,0.1,.,.,.,0.0,0.1,0.0,0.2,0.1,.,0.1,0.1,0.1,.,.,.,.,0.1,0.1,0.1,0.2,.,0.1,.,.,.,0.2,.,.,.,0.0,0.2,0.1,0.2,0.3,0.1,0.1,0.1,0.0,0.0,0.0,0.0,0.1,0.2,.,0.0,0.1,0.1,0.3,.,.,.,0.2,0.6,0.2,0.1,0.8,0.1,0.2,.,0.3,.,0.3,.,0.2,0.2,0.3,0.1,0.1,0.1,0.7,0.2,0.2,0.2,0.3,.,.,.,.,.,0.1,0.2,0.5,0.1,0.1,0.1,0.3,.,.,0.2,0.3,0.3,0.2,.,0.2,0.2,0.2,0.2,.,.,.,.,0.0,0.2,.,0.4,0.3,.,.,.,.,.,.,.,.,.,.,.,.,.,.,.,.,.,.,.,.,.,.,.,.,.,.,.,.,.,.,.,.,.,.,.,.,.,.,.,.
"2023","Yhteens�","VKK",0.3,0.3,0.3,0.3,0.4,0.3,0.3,0.4,0.4,0.1,0.3,0.3,0.1,0.4,0.2,0.1,0.2,.,.,.,0.3,.,.,.,.,.,0.5,0.4,0.4,0.4,0.0,0.2,.,.,0.3,.,.,.,.,0.2,0.3,0.4,0.3,0.2,0.2,0.3,.,0.5,0.0,0.3,.,.,.,0.1,0.1,.,0.3,.,.,.,0.1,.,.,.,.,.,0.3,0.2,.,.,0.3,.,0.2,.,.,.,0.1,0.6,0.3,0.2,0.3,.,.,0.2,0.2,.,0.2,.,.,.,.,.,.,.,.,.,0.1,0.3,0.2,0.2,0.2,.,0.1,0.2,0.2,.,0.3,.,0.3,0.1,.,0.0,0.2,.,0.1,0.1,0.3,0.3,0.1,0.2,.,.,0.2,.,.,.,0.4,0.1,.,0.2,.,0.3,0.2,0.3,0.7,0.3,0.4,0.3,.,0.2,0.2,.,.,.,.,.,0.2,.,.,0.5,0.4,0.2,0.4,0.2,.,0.3,0.4,.,0.4,0.4,0.3,0.1,0.5,0.2,0.2,.,.,.,0.2,0.3,0.1,0.2,.,.,0.2,0.0,0.1,0.2,.,.,0.2,0.1,0.3,0.0,0.4,0.3,.,0.0,0.2,.,.,.,.,.,0.2,0.1,0.2,0.2,0.2,0.2,.,.,0.5,.,.,0.9,0.4,.,0.6,0.4,0.5,0.6,0.5,0.5,.,.,.,.,.,0.5,.,.,.,0.4,0.2,0.8,0.7,.,.,.,.,.,0.4,0.5,.,.,0.2,0.3,.,.,.,0.4,0.5,0.2,0.6,0.2,0.2,0.9,.,.,.,0.4,0.4,0.3,0.2,.,.,0.3,0.2,0.0,0.3,.,.,.,.,0.2,0.3,0.4,0.2,0.2,.,0.2,0.2,0.1,.,.,.,.,.,0.3,0.1,.,0.2,0.2,0.2,0.1,.,0.3,0.1,0.2,0.0,0.0,0.1,0.0,0.3,0.1,0.5,.,0.3,0.3,.,0.3,0.2,0.2,0.2,.,0.1,.,0.1,0.0,0.1,0.1,0.5,0.1,0.2,0.1,0.2,0.2,.,.,.,0.1,0.3,.,.,.,0.0,0.2,0.3,0.1,0.2,.,.,0.2,0.2,0.2,0.5,0.1,0.4,0.3,0.1,0.1,0.3,0.3,0.2,.,.,.,0.5,0.2,0.1,0.1,0.3,.,0.3,0.2,0.2,.,.,.,.,0.0,0.4,0.5,0.2,.,0.4,.,.,.,0.4,.,.,.,0.4,0.2,0.4,0.3,0.7,0.3,0.1,0.4,0.0,0.2,0.3,0.2,0.7,0.8,.,0.2,1.0,0.7,0.3,.,.,.,0.3,0.4,0.5,0.1,0.0,0.1,0.3,.,0.5,.,0.4,.,0.4,0.4,0.2,0.5,0.4,0.0,0.2,0.5,0.2,0.3,0.2,.,.,.,.,.,0.5,0.1,1.7,0.1,0.2,0.2,0.3,.,.,0.2,0.1,0.4,0.2,.,0.3,0.2,2.3,0.3,.,.,.,.,0.7,0.4,.,0.4,0.4,0.3,0.8,0.4,0.3,0.3,0.1,0.3,0.3,0.2,1.1,0.2,0.1,0.4,.,0.5,0.0,0.2,0.2,0.1,0.2,0.1,0.0,0.3,.,.,.,.,.,.,.,.,.,.,.,.,.,.,.,.,.
"2023","Yhteens�","VL",0.9,0.8,0.8,0.9,1.3,0.6,0.4,0.9,1.1,0.7,0.8,1.3,0.4,0.8,0.9,0.7,1.0,.,.,.,1.2,.,.,.,.,.,1.1,1.2,1.1,1.0,1.3,0.8,.,.,0.9,.,.,.,.,1.1,0.8,1.0,0.9,0.8,0.9,0.7,.,1.2,0.8,0.6,.,.,.,1.0,0.7,.,1.5,.,.,.,0.6,.,.,.,.,.,0.7,0.8,.,.,0.9,.,0.9,.,.,.,0.9,1.5,0.4,2.2,0.9,.,.,0.7,0.8,.,0.8,.,.,.,.,.,.,.,.,.,0.5,1.1,1.2,0.7,1.0,.,0.7,1.2,1.5,.,1.4,.,1.7,1.3,.,0.8,0.7,.,0.6,1.4,1.3,1.6,1.5,1.3,.,.,1.0,.,.,.,0.1,1.0,.,1.3,.,0.7,0.5,0.5,1.2,0.7,0.6,0.7,.,0.6,0.7,.,.,.,.,.,0.5,.,.,0.6,0.9,0.5,0.7,0.8,.,0.8,0.9,.,0.7,0.5,0.7,0.6,0.5,0.9,0.9,.,.,.,1.4,1.6,0.6,1.0,.,.,0.4,0.3,1.0,0.8,.,.,1.0,1.1,1.7,0.9,1.0,1.3,.,1.2,0.9,.,.,.,.,.,0.8,1.2,0.9,1.6,0.5,1.1,.,.,0.8,.,.,1.2,0.7,.,0.7,0.7,0.4,0.8,1.0,1.1,.,.,.,.,.,0.7,.,.,.,0.5,0.4,0.2,0.5,.,.,.,.,.,0.6,0.9,.,.,0.9,0.6,.,.,.,0.3,1.2,0.6,0.6,0.7,0.8,0.4,.,.,.,0.4,0.7,0.6,0.7,.,.,0.5,0.6,0.9,0.7,.,.,.,.,0.4,0.6,0.9,0.7,0.7,.,0.6,0.8,0.7,.,.,.,.,.,1.0,0.5,.,0.7,0.5,1.1,1.4,.,1.2,1.1,0.7,0.3,1.7,0.9,0.3,0.6,1.6,1.0,.,1.0,0.6,.,0.4,0.3,1.4,1.8,.,1.8,.,1.3,0.5,1.9,1.3,1.3,1.1,1.1,1.0,1.5,2.5,.,.,.,1.0,1.7,.,.,.,0.5,1.1,0.9,1.2,1.2,.,.,2.0,1.2,1.8,0.7,1.3,0.6,1.2,0.5,2.9,0.6,0.5,2.2,.,.,.,1.6,1.4,0.9,0.5,1.1,.,2.1,1.5,0.6,.,.,.,.,1.1,0.9,0.9,0.4,.,0.8,.,.,.,1.1,.,.,.,0.7,0.6,0.6,2.3,1.0,0.9,0.9,1.1,0.6,0.6,0.9,1.1,0.5,0.7,.,1.5,0.8,0.7,1.0,.,.,.,1.1,0.7,0.8,2.0,1.2,0.4,0.8,.,0.7,.,1.4,.,1.5,0.5,0.7,0.8,1.6,2.1,1.1,2.0,1.4,1.2,0.9,.,.,.,.,.,0.4,1.6,0.5,3.0,0.9,1.6,1.4,.,.,3.6,0.4,1.8,2.4,.,0.9,0.7,1.0,1.2,.,.,.,.,0.7,1.8,.,0.9,1.6,0.7,0.4,0.5,0.9,1.4,0.8,1.4,0.4,1.1,0.5,0.5,1.2,0.6,.,0.6,1.0,0.4,0.4,1.1,0.8,0.3,0.6,0.7,.,.,.,.,.,.,.,.,.,.,.,.,.,.,.,.,.
"2023","Yhteens�","SML",0.1,.,.,0.2,0.4,0.2,0.2,0.3,0.4,0.1,0.3,0.3,0.2,0.3,0.2,0.7,0.3,.,.,.,0.3,.,.,.,.,.,0.5,0.3,0.3,0.3,0.6,0.2,.,.,0.2,.,.,.,.,0.2,0.2,0.3,0.3,0.1,0.0,0.1,.,0.2,0.2,0.0,.,.,.,0.2,0.1,.,0.1,.,.,.,0.0,.,.,.,.,.,0.1,0.1,.,.,0.2,.,0.1,.,.,.,0.1,0.0,0.1,0.2,0.1,.,.,0.1,0.1,.,0.1,.,.,.,.,.,.,.,.,.,0.1,0.1,0.8,0.1,0.2,.,0.1,.,.,.,.,.,.,.,.,.,.,.,.,.,.,.,.,.,.,.,.,.,.,.,.,.,.,.,.,.,.,.,.,.,.,.,.,.,.,.,.,.,.,.,.,.,.,.,.,.,.,.,.,.,.,.,.,.,.,.,.,0.1,0.2,.,.,.,0.1,0.1,0.2,0.1,.,.,0.2,0.2,0.0,0.1,.,.,0.2,0.5,0.1,0.1,0.1,0.2,.,0.1,0.1,.,.,.,.,.,0.1,0.1,0.2,0.2,0.1,0.1,.,.,.,.,.,.,.,.,.,.,.,.,.,.,.,.,.,.,.,.,.,.,.,.,.,.,.,.,.,.,.,.,.,.,.,.,.,.,.,.,.,.,.,.,.,.,.,.,.,.,.,.,.,.,.,.,.,.,.,.,.,.,.,.,.,.,.,.,.,.,.,.,.,.,.,.,.,.,.,.,.,.,.,.,.,.,.,.,.,.,.,.,.,.,.,.,.,.,.,.,.,.,.,.,.,.,.,.,.,.,.,.,.,.,.,.,.,.,.,.,.,.,.,.,.,.,.,.,.,.,.,.,.,.,.,.,.,.,.,.,.,.,.,.,.,.,.,.,.,.,.,.,.,.,.,.,.,.,.,.,.,.,0.2,0.2,0.1,.,0.2,.,.,.,0.2,.,.,.,0.0,0.1,0.2,0.0,0.0,0.1,0.1,0.2,0.2,0.0,0.1,0.1,0.0,0.1,.,0.0,0.2,0.1,0.2,.,.,.,.,.,.,.,.,.,.,.,.,.,.,.,.,.,.,.,.,.,.,.,.,.,.,.,.,.,.,.,.,.,.,.,.,.,.,.,.,.,.,.,.,.,.,.,.,.,.,.,.,.,.,.,.,.,.,.,.,.,.,.,.,.,.,.,.,.,.,.,.,.,.,.,.,.,.,.,.,.,.,.,.,.,.,.,.,.,.,.,.,.,.,.,.,.,.
"2023","Yhteens�","Muu puolue",.,.,.,.,.,.,.,.,.,.,.,.,.,.,.,.,.,.,.,.,.,.,.,.,.,.,.,.,.,.,.,.,.,.,.,.,.,.,.,.,.,.,.,.,.,.,.,.,.,.,.,.,.,.,.,.,.,.,.,.,.,.,.,.,.,.,.,.,.,.,.,.,.,.,.,.,.,.,.,.,.,.,.,.,.,.,.,.,.,.,.,.,.,.,.,.,.,.,.,.,.,.,.,.,.,.,.,.,.,.,.,.,.,.,.,.,.,.,.,.,.,.,.,.,.,.,.,.,.,.,.,.,.,.,.,.,.,.,.,.,.,.,.,.,.,.,.,.,.,.,.,.,.,.,.,.,.,.,.,.,.,.,.,.,.,.,.,.,.,.,.,.,.,.,.,.,.,.,.,.,.,.,.,.,.,.,.,.,.,.,.,.,.,.,.,.,.,.,.,.,.,.,.,.,.,.,.,.,.,.,.,.,.,.,.,.,.,.,.,.,.,.,.,.,.,.,.,.,.,.,.,.,.,.,.,.,.,.,.,.,.,.,.,.,.,.,.,.,.,.,.,.,.,.,.,.,.,.,.,.,.,.,.,.,.,.,.,.,.,.,.,.,.,.,.,.,.,.,.,.,.,.,.,.,.,.,.,.,.,.,.,.,.,.,.,.,.,.,.,.,.,.,.,.,.,.,.,.,.,.,.,.,.,.,.,.,.,.,.,.,.,.,.,.,.,.,.,.,.,.,.,.,.,.,.,.,.,.,.,.,.,.,.,.,.,.,.,.,.,.,.,.,.,.,.,.,.,.,.,.,.,.,.,.,.,.,.,.,.,.,.,.,.,.,.,.,.,.,.,.,.,.,.,.,.,.,.,.,.,.,.,.,.,.,.,.,.,.,.,.,.,.,.,.,.,.,.,.,.,.,.,.,.,.,.,.,.,.,.,.,.,.,.,.,.,.,.,.,.,.,.,.,.,.,.,.,.,.,.,.,.,.,.,.,.,.,.,.,.,.,.,.,.,.,.,.,.,.,.,.,.,.,.,.,.,.,.,.,.,.,.,.,.,.,.,.,.,.,.,.,.,.,.,.,.,.,.,.,.,.,.
"2023","Yhteens�","STL (2019)",.,.,.,.,.,.,.,.,.,.,.,.,.,.,.,.,.,.,.,.,.,.,.,.,.,.,.,.,.,.,.,.,.,.,.,.,.,.,.,.,.,.,.,.,.,.,.,.,.,.,.,.,.,.,.,.,.,.,.,.,.,.,.,.,.,.,.,.,.,.,.,.,.,.,.,.,.,.,.,.,.,.,.,.,.,.,.,.,.,.,.,.,.,.,.,.,.,.,.,.,.,.,.,.,.,.,.,.,.,.,.,.,.,.,.,.,.,.,.,.,.,.,.,.,.,.,.,.,.,.,.,.,.,.,.,.,.,.,.,.,.,.,.,.,.,.,.,.,.,.,.,.,.,.,.,.,.,.,.,.,.,.,.,.,.,.,.,.,.,.,.,.,.,.,.,.,.,.,.,.,.,.,.,.,.,.,.,.,.,.,.,.,.,.,.,.,.,.,.,.,.,.,.,.,.,.,.,.,.,.,.,.,.,.,.,.,.,.,.,.,.,.,.,.,.,.,.,.,.,.,.,.,.,.,.,.,.,.,.,.,.,.,.,.,.,.,.,.,.,.,.,.,.,.,.,.,.,.,.,.,.,.,.,.,.,.,.,.,.,.,.,.,.,.,.,.,.,.,.,.,.,.,.,.,.,.,.,.,.,.,.,.,.,.,.,.,.,.,.,.,.,.,.,.,.,.,.,.,.,.,.,.,.,.,.,.,.,.,.,.,.,.,.,.,.,.,.,.,.,.,.,.,.,.,.,.,.,.,.,.,.,.,.,.,.,.,.,.,.,.,.,.,.,.,.,.,.,.,.,.,.,.,.,.,.,.,.,.,.,.,.,.,.,.,.,.,.,.,.,.,.,.,.,.,.,.,.,.,.,.,.,.,.,.,.,.,.,.,.,.,.,.,.,.,.,.,.,.,.,.,.,.,.,.,.,.,.,.,.,.,.,.,.,.,.,.,.,.,.,.,.,.,.,.,.,.,.,.,.,.,.,.,.,.,.,.,.,.,.,.,.,.,.,.,.,.,.,.,.,.,.,.,.,.,.,.,.,.,.,.,.,.,.,.,.,.,.,.,.,.,.,.,.,.,.,.,.,.,.,.,.
"2023","Yhteens�","KP (2019)",.,.,.,.,.,.,.,.,.,.,.,.,.,.,.,.,.,.,.,.,.,.,.,.,.,.,.,.,.,.,.,.,.,.,.,.,.,.,.,.,.,.,.,.,.,.,.,.,.,.,.,.,.,.,.,.,.,.,.,.,.,.,.,.,.,.,.,.,.,.,.,.,.,.,.,.,.,.,.,.,.,.,.,.,.,.,.,.,.,.,.,.,.,.,.,.,.,.,.,.,.,.,.,.,.,.,.,.,.,.,.,.,.,.,.,.,.,.,.,.,.,.,.,.,.,.,.,.,.,.,.,.,.,.,.,.,.,.,.,.,.,.,.,.,.,.,.,.,.,.,.,.,.,.,.,.,.,.,.,.,.,.,.,.,.,.,.,.,.,.,.,.,.,.,.,.,.,.,.,.,.,.,.,.,.,.,.,.,.,.,.,.,.,.,.,.,.,.,.,.,.,.,.,.,.,.,.,.,.,.,.,.,.,.,.,.,.,.,.,.,.,.,.,.,.,.,.,.,.,.,.,.,.,.,.,.,.,.,.,.,.,.,.,.,.,.,.,.,.,.,.,.,.,.,.,.,.,.,.,.,.,.,.,.,.,.,.,.,.,.,.,.,.,.,.,.,.,.,.,.,.,.,.,.,.,.,.,.,.,.,.,.,.,.,.,.,.,.,.,.,.,.,.,.,.,.,.,.,.,.,.,.,.,.,.,.,.,.,.,.,.,.,.,.,.,.,.,.,.,.,.,.,.,.,.,.,.,.,.,.,.,.,.,.,.,.,.,.,.,.,.,.,.,.,.,.,.,.,.,.,.,.,.,.,.,.,.,.,.,.,.,.,.,.,.,.,.,.,.,.,.,.,.,.,.,.,.,.,.,.,.,.,.,.,.,.,.,.,.,.,.,.,.,.,.,.,.,.,.,.,.,.,.,.,.,.,.,.,.,.,.,.,.,.,.,.,.,.,.,.,.,.,.,.,.,.,.,.,.,.,.,.,.,.,.,.,.,.,.,.,.,.,.,.,.,.,.,.,.,.,.,.,.,.,.,.,.,.,.,.,.,.,.,.,.,.,.,.,.,.,.,.,.,.,.,.,.,.,.,.,.
"2023","Yhteens�","KTP (2019)",.,.,.,.,.,.,.,.,.,.,.,.,.,.,.,.,.,.,.,.,.,.,.,.,.,.,.,.,.,.,.,.,.,.,.,.,.,.,.,.,.,.,.,.,.,.,.,.,.,.,.,.,.,.,.,.,.,.,.,.,.,.,.,.,.,.,.,.,.,.,.,.,.,.,.,.,.,.,.,.,.,.,.,.,.,.,.,.,.,.,.,.,.,.,.,.,.,.,.,.,.,.,.,.,.,.,.,.,.,.,.,.,.,.,.,.,.,.,.,.,.,.,.,.,.,.,.,.,.,.,.,.,.,.,.,.,.,.,.,.,.,.,.,.,.,.,.,.,.,.,.,.,.,.,.,.,.,.,.,.,.,.,.,.,.,.,.,.,.,.,.,.,.,.,.,.,.,.,.,.,.,.,.,.,.,.,.,.,.,.,.,.,.,.,.,.,.,.,.,.,.,.,.,.,.,.,.,.,.,.,.,.,.,.,.,.,.,.,.,.,.,.,.,.,.,.,.,.,.,.,.,.,.,.,.,.,.,.,.,.,.,.,.,.,.,.,.,.,.,.,.,.,.,.,.,.,.,.,.,.,.,.,.,.,.,.,.,.,.,.,.,.,.,.,.,.,.,.,.,.,.,.,.,.,.,.,.,.,.,.,.,.,.,.,.,.,.,.,.,.,.,.,.,.,.,.,.,.,.,.,.,.,.,.,.,.,.,.,.,.,.,.,.,.,.,.,.,.,.,.,.,.,.,.,.,.,.,.,.,.,.,.,.,.,.,.,.,.,.,.,.,.,.,.,.,.,.,.,.,.,.,.,.,.,.,.,.,.,.,.,.,.,.,.,.,.,.,.,.,.,.,.,.,.,.,.,.,.,.,.,.,.,.,.,.,.,.,.,.,.,.,.,.,.,.,.,.,.,.,.,.,.,.,.,.,.,.,.,.,.,.,.,.,.,.,.,.,.,.,.,.,.,.,.,.,.,.,.,.,.,.,.,.,.,.,.,.,.,.,.,.,.,.,.,.,.,.,.,.,.,.,.,.,.,.,.,.,.,.,.,.,.,.,.,.,.,.,.,.,.,.,.,.,.,.,.,.,.,.,.,.
"2023","Yhteens�","STP (2015)",.,.,.,.,.,.,.,.,.,.,.,.,.,.,.,.,.,.,.,.,.,.,.,.,.,.,.,.,.,.,.,.,.,.,.,.,.,.,.,.,.,.,.,.,.,.,.,.,.,.,.,.,.,.,.,.,.,.,.,.,.,.,.,.,.,.,.,.,.,.,.,.,.,.,.,.,.,.,.,.,.,.,.,.,.,.,.,.,.,.,.,.,.,.,.,.,.,.,.,.,.,.,.,.,.,.,.,.,.,.,.,.,.,.,.,.,.,.,.,.,.,.,.,.,.,.,.,.,.,.,.,.,.,.,.,.,.,.,.,.,.,.,.,.,.,.,.,.,.,.,.,.,.,.,.,.,.,.,.,.,.,.,.,.,.,.,.,.,.,.,.,.,.,.,.,.,.,.,.,.,.,.,.,.,.,.,.,.,.,.,.,.,.,.,.,.,.,.,.,.,.,.,.,.,.,.,.,.,.,.,.,.,.,.,.,.,.,.,.,.,.,.,.,.,.,.,.,.,.,.,.,.,.,.,.,.,.,.,.,.,.,.,.,.,.,.,.,.,.,.,.,.,.,.,.,.,.,.,.,.,.,.,.,.,.,.,.,.,.,.,.,.,.,.,.,.,.,.,.,.,.,.,.,.,.,.,.,.,.,.,.,.,.,.,.,.,.,.,.,.,.,.,.,.,.,.,.,.,.,.,.,.,.,.,.,.,.,.,.,.,.,.,.,.,.,.,.,.,.,.,.,.,.,.,.,.,.,.,.,.,.,.,.,.,.,.,.,.,.,.,.,.,.,.,.,.,.,.,.,.,.,.,.,.,.,.,.,.,.,.,.,.,.,.,.,.,.,.,.,.,.,.,.,.,.,.,.,.,.,.,.,.,.,.,.,.,.,.,.,.,.,.,.,.,.,.,.,.,.,.,.,.,.,.,.,.,.,.,.,.,.,.,.,.,.,.,.,.,.,.,.,.,.,.,.,.,.,.,.,.,.,.,.,.,.,.,.,.,.,.,.,.,.,.,.,.,.,.,.,.,.,.,.,.,.,.,.,.,.,.,.,.,.,.,.,.,.,.,.,.,.,.,.,.,.,.,.,.,.,.,.
"2023","Yhteens�","KA (2015)",.,.,.,.,.,.,.,.,.,.,.,.,.,.,.,.,.,.,.,.,.,.,.,.,.,.,.,.,.,.,.,.,.,.,.,.,.,.,.,.,.,.,.,.,.,.,.,.,.,.,.,.,.,.,.,.,.,.,.,.,.,.,.,.,.,.,.,.,.,.,.,.,.,.,.,.,.,.,.,.,.,.,.,.,.,.,.,.,.,.,.,.,.,.,.,.,.,.,.,.,.,.,.,.,.,.,.,.,.,.,.,.,.,.,.,.,.,.,.,.,.,.,.,.,.,.,.,.,.,.,.,.,.,.,.,.,.,.,.,.,.,.,.,.,.,.,.,.,.,.,.,.,.,.,.,.,.,.,.,.,.,.,.,.,.,.,.,.,.,.,.,.,.,.,.,.,.,.,.,.,.,.,.,.,.,.,.,.,.,.,.,.,.,.,.,.,.,.,.,.,.,.,.,.,.,.,.,.,.,.,.,.,.,.,.,.,.,.,.,.,.,.,.,.,.,.,.,.,.,.,.,.,.,.,.,.,.,.,.,.,.,.,.,.,.,.,.,.,.,.,.,.,.,.,.,.,.,.,.,.,.,.,.,.,.,.,.,.,.,.,.,.,.,.,.,.,.,.,.,.,.,.,.,.,.,.,.,.,.,.,.,.,.,.,.,.,.,.,.,.,.,.,.,.,.,.,.,.,.,.,.,.,.,.,.,.,.,.,.,.,.,.,.,.,.,.,.,.,.,.,.,.,.,.,.,.,.,.,.,.,.,.,.,.,.,.,.,.,.,.,.,.,.,.,.,.,.,.,.,.,.,.,.,.,.,.,.,.,.,.,.,.,.,.,.,.,.,.,.,.,.,.,.,.,.,.,.,.,.,.,.,.,.,.,.,.,.,.,.,.,.,.,.,.,.,.,.,.,.,.,.,.,.,.,.,.,.,.,.,.,.,.,.,.,.,.,.,.,.,.,.,.,.,.,.,.,.,.,.,.,.,.,.,.,.,.,.,.,.,.,.,.,.,.,.,.,.,.,.,.,.,.,.,.,.,.,.,.,.,.,.,.,.,.,.,.,.,.,.,.,.,.,.,.,.,.,.,.,.,.,.
"2023","Yhteens�","Muutos2011 (2015)",.,.,.,.,.,.,.,.,.,.,.,.,.,.,.,.,.,.,.,.,.,.,.,.,.,.,.,.,.,.,.,.,.,.,.,.,.,.,.,.,.,.,.,.,.,.,.,.,.,.,.,.,.,.,.,.,.,.,.,.,.,.,.,.,.,.,.,.,.,.,.,.,.,.,.,.,.,.,.,.,.,.,.,.,.,.,.,.,.,.,.,.,.,.,.,.,.,.,.,.,.,.,.,.,.,.,.,.,.,.,.,.,.,.,.,.,.,.,.,.,.,.,.,.,.,.,.,.,.,.,.,.,.,.,.,.,.,.,.,.,.,.,.,.,.,.,.,.,.,.,.,.,.,.,.,.,.,.,.,.,.,.,.,.,.,.,.,.,.,.,.,.,.,.,.,.,.,.,.,.,.,.,.,.,.,.,.,.,.,.,.,.,.,.,.,.,.,.,.,.,.,.,.,.,.,.,.,.,.,.,.,.,.,.,.,.,.,.,.,.,.,.,.,.,.,.,.,.,.,.,.,.,.,.,.,.,.,.,.,.,.,.,.,.,.,.,.,.,.,.,.,.,.,.,.,.,.,.,.,.,.,.,.,.,.,.,.,.,.,.,.,.,.,.,.,.,.,.,.,.,.,.,.,.,.,.,.,.,.,.,.,.,.,.,.,.,.,.,.,.,.,.,.,.,.,.,.,.,.,.,.,.,.,.,.,.,.,.,.,.,.,.,.,.,.,.,.,.,.,.,.,.,.,.,.,.,.,.,.,.,.,.,.,.,.,.,.,.,.,.,.,.,.,.,.,.,.,.,.,.,.,.,.,.,.,.,.,.,.,.,.,.,.,.,.,.,.,.,.,.,.,.,.,.,.,.,.,.,.,.,.,.,.,.,.,.,.,.,.,.,.,.,.,.,.,.,.,.,.,.,.,.,.,.,.,.,.,.,.,.,.,.,.,.,.,.,.,.,.,.,.,.,.,.,.,.,.,.,.,.,.,.,.,.,.,.,.,.,.,.,.,.,.,.,.,.,.,.,.,.,.,.,.,.,.,.,.,.,.,.,.,.,.,.,.,.,.,.,.,.,.,.,.,.,.,.,.,.,.,.,.
"2023","Yhteens�","SSP (2011)",.,.,.,.,.,.,.,.,.,.,.,.,.,.,.,.,.,.,.,.,.,.,.,.,.,.,.,.,.,.,.,.,.,.,.,.,.,.,.,.,.,.,.,.,.,.,.,.,.,.,.,.,.,.,.,.,.,.,.,.,.,.,.,.,.,.,.,.,.,.,.,.,.,.,.,.,.,.,.,.,.,.,.,.,.,.,.,.,.,.,.,.,.,.,.,.,.,.,.,.,.,.,.,.,.,.,.,.,.,.,.,.,.,.,.,.,.,.,.,.,.,.,.,.,.,.,.,.,.,.,.,.,.,.,.,.,.,.,.,.,.,.,.,.,.,.,.,.,.,.,.,.,.,.,.,.,.,.,.,.,.,.,.,.,.,.,.,.,.,.,.,.,.,.,.,.,.,.,.,.,.,.,.,.,.,.,.,.,.,.,.,.,.,.,.,.,.,.,.,.,.,.,.,.,.,.,.,.,.,.,.,.,.,.,.,.,.,.,.,.,.,.,.,.,.,.,.,.,.,.,.,.,.,.,.,.,.,.,.,.,.,.,.,.,.,.,.,.,.,.,.,.,.,.,.,.,.,.,.,.,.,.,.,.,.,.,.,.,.,.,.,.,.,.,.,.,.,.,.,.,.,.,.,.,.,.,.,.,.,.,.,.,.,.,.,.,.,.,.,.,.,.,.,.,.,.,.,.,.,.,.,.,.,.,.,.,.,.,.,.,.,.,.,.,.,.,.,.,.,.,.,.,.,.,.,.,.,.,.,.,.,.,.,.,.,.,.,.,.,.,.,.,.,.,.,.,.,.,.,.,.,.,.,.,.,.,.,.,.,.,.,.,.,.,.,.,.,.,.,.,.,.,.,.,.,.,.,.,.,.,.,.,.,.,.,.,.,.,.,.,.,.,.,.,.,.,.,.,.,.,.,.,.,.,.,.,.,.,.,.,.,.,.,.,.,.,.,.,.,.,.,.,.,.,.,.,.,.,.,.,.,.,.,.,.,.,.,.,.,.,.,.,.,.,.,.,.,.,.,.,.,.,.,.,.,.,.,.,.,.,.,.,.,.,.,.,.,.,.,.,.,.,.,.,.,.,.,.,.,.,.
"2023","Yhteens�","SVR (2011)",.,.,.,.,.,.,.,.,.,.,.,.,.,.,.,.,.,.,.,.,.,.,.,.,.,.,.,.,.,.,.,.,.,.,.,.,.,.,.,.,.,.,.,.,.,.,.,.,.,.,.,.,.,.,.,.,.,.,.,.,.,.,.,.,.,.,.,.,.,.,.,.,.,.,.,.,.,.,.,.,.,.,.,.,.,.,.,.,.,.,.,.,.,.,.,.,.,.,.,.,.,.,.,.,.,.,.,.,.,.,.,.,.,.,.,.,.,.,.,.,.,.,.,.,.,.,.,.,.,.,.,.,.,.,.,.,.,.,.,.,.,.,.,.,.,.,.,.,.,.,.,.,.,.,.,.,.,.,.,.,.,.,.,.,.,.,.,.,.,.,.,.,.,.,.,.,.,.,.,.,.,.,.,.,.,.,.,.,.,.,.,.,.,.,.,.,.,.,.,.,.,.,.,.,.,.,.,.,.,.,.,.,.,.,.,.,.,.,.,.,.,.,.,.,.,.,.,.,.,.,.,.,.,.,.,.,.,.,.,.,.,.,.,.,.,.,.,.,.,.,.,.,.,.,.,.,.,.,.,.,.,.,.,.,.,.,.,.,.,.,.,.,.,.,.,.,.,.,.,.,.,.,.,.,.,.,.,.,.,.,.,.,.,.,.,.,.,.,.,.,.,.,.,.,.,.,.,.,.,.,.,.,.,.,.,.,.,.,.,.,.,.,.,.,.,.,.,.,.,.,.,.,.,.,.,.,.,.,.,.,.,.,.,.,.,.,.,.,.,.,.,.,.,.,.,.,.,.,.,.,.,.,.,.,.,.,.,.,.,.,.,.,.,.,.,.,.,.,.,.,.,.,.,.,.,.,.,.,.,.,.,.,.,.,.,.,.,.,.,.,.,.,.,.,.,.,.,.,.,.,.,.,.,.,.,.,.,.,.,.,.,.,.,.,.,.,.,.,.,.,.,.,.,.,.,.,.,.,.,.,.,.,.,.,.,.,.,.,.,.,.,.,.,.,.,.,.,.,.,.,.,.,.,.,.,.,.,.,.,.,.,.,.,.,.,.,.,.,.,.,.,.,.,.,.,.,.,.,.,.,.
"2023","Yhteens�","LIB (2007)",.,.,.,.,.,.,.,.,.,.,.,.,.,.,.,.,.,.,.,.,.,.,.,.,.,.,.,.,.,.,.,.,.,.,.,.,.,.,.,.,.,.,.,.,.,.,.,.,.,.,.,.,.,.,.,.,.,.,.,.,.,.,.,.,.,.,.,.,.,.,.,.,.,.,.,.,.,.,.,.,.,.,.,.,.,.,.,.,.,.,.,.,.,.,.,.,.,.,.,.,.,.,.,.,.,.,.,.,.,.,.,.,.,.,.,.,.,.,.,.,.,.,.,.,.,.,.,.,.,.,.,.,.,.,.,.,.,.,.,.,.,.,.,.,.,.,.,.,.,.,.,.,.,.,.,.,.,.,.,.,.,.,.,.,.,.,.,.,.,.,.,.,.,.,.,.,.,.,.,.,.,.,.,.,.,.,.,.,.,.,.,.,.,.,.,.,.,.,.,.,.,.,.,.,.,.,.,.,.,.,.,.,.,.,.,.,.,.,.,.,.,.,.,.,.,.,.,.,.,.,.,.,.,.,.,.,.,.,.,.,.,.,.,.,.,.,.,.,.,.,.,.,.,.,.,.,.,.,.,.,.,.,.,.,.,.,.,.,.,.,.,.,.,.,.,.,.,.,.,.,.,.,.,.,.,.,.,.,.,.,.,.,.,.,.,.,.,.,.,.,.,.,.,.,.,.,.,.,.,.,.,.,.,.,.,.,.,.,.,.,.,.,.,.,.,.,.,.,.,.,.,.,.,.,.,.,.,.,.,.,.,.,.,.,.,.,.,.,.,.,.,.,.,.,.,.,.,.,.,.,.,.,.,.,.,.,.,.,.,.,.,.,.,.,.,.,.,.,.,.,.,.,.,.,.,.,.,.,.,.,.,.,.,.,.,.,.,.,.,.,.,.,.,.,.,.,.,.,.,.,.,.,.,.,.,.,.,.,.,.,.,.,.,.,.,.,.,.,.,.,.,.,.,.,.,.,.,.,.,.,.,.,.,.,.,.,.,.,.,.,.,.,.,.,.,.,.,.,.,.,.,.,.,.,.,.,.,.,.,.,.,.,.,.,.,.,.,.,.,.,.,.,.,.,.,.,.,.,.,.,.
"2023","Yhteens�","YVP (2007)",.,.,.,.,.,.,.,.,.,.,.,.,.,.,.,.,.,.,.,.,.,.,.,.,.,.,.,.,.,.,.,.,.,.,.,.,.,.,.,.,.,.,.,.,.,.,.,.,.,.,.,.,.,.,.,.,.,.,.,.,.,.,.,.,.,.,.,.,.,.,.,.,.,.,.,.,.,.,.,.,.,.,.,.,.,.,.,.,.,.,.,.,.,.,.,.,.,.,.,.,.,.,.,.,.,.,.,.,.,.,.,.,.,.,.,.,.,.,.,.,.,.,.,.,.,.,.,.,.,.,.,.,.,.,.,.,.,.,.,.,.,.,.,.,.,.,.,.,.,.,.,.,.,.,.,.,.,.,.,.,.,.,.,.,.,.,.,.,.,.,.,.,.,.,.,.,.,.,.,.,.,.,.,.,.,.,.,.,.,.,.,.,.,.,.,.,.,.,.,.,.,.,.,.,.,.,.,.,.,.,.,.,.,.,.,.,.,.,.,.,.,.,.,.,.,.,.,.,.,.,.,.,.,.,.,.,.,.,.,.,.,.,.,.,.,.,.,.,.,.,.,.,.,.,.,.,.,.,.,.,.,.,.,.,.,.,.,.,.,.,.,.,.,.,.,.,.,.,.,.,.,.,.,.,.,.,.,.,.,.,.,.,.,.,.,.,.,.,.,.,.,.,.,.,.,.,.,.,.,.,.,.,.,.,.,.,.,.,.,.,.,.,.,.,.,.,.,.,.,.,.,.,.,.,.,.,.,.,.,.,.,.,.,.,.,.,.,.,.,.,.,.,.,.,.,.,.,.,.,.,.,.,.,.,.,.,.,.,.,.,.,.,.,.,.,.,.,.,.,.,.,.,.,.,.,.,.,.,.,.,.,.,.,.,.,.,.,.,.,.,.,.,.,.,.,.,.,.,.,.,.,.,.,.,.,.,.,.,.,.,.,.,.,.,.,.,.,.,.,.,.,.,.,.,.,.,.,.,.,.,.,.,.,.,.,.,.,.,.,.,.,.,.,.,.,.,.,.,.,.,.,.,.,.,.,.,.,.,.,.,.,.,.,.,.,.,.,.,.,.,.,.,.,.,.,.,.,.,.,.,.
"2023","Yhteens�","SIK (2007)",.,.,.,.,.,.,.,.,.,.,.,.,.,.,.,.,.,.,.,.,.,.,.,.,.,.,.,.,.,.,.,.,.,.,.,.,.,.,.,.,.,.,.,.,.,.,.,.,.,.,.,.,.,.,.,.,.,.,.,.,.,.,.,.,.,.,.,.,.,.,.,.,.,.,.,.,.,.,.,.,.,.,.,.,.,.,.,.,.,.,.,.,.,.,.,.,.,.,.,.,.,.,.,.,.,.,.,.,.,.,.,.,.,.,.,.,.,.,.,.,.,.,.,.,.,.,.,.,.,.,.,.,.,.,.,.,.,.,.,.,.,.,.,.,.,.,.,.,.,.,.,.,.,.,.,.,.,.,.,.,.,.,.,.,.,.,.,.,.,.,.,.,.,.,.,.,.,.,.,.,.,.,.,.,.,.,.,.,.,.,.,.,.,.,.,.,.,.,.,.,.,.,.,.,.,.,.,.,.,.,.,.,.,.,.,.,.,.,.,.,.,.,.,.,.,.,.,.,.,.,.,.,.,.,.,.,.,.,.,.,.,.,.,.,.,.,.,.,.,.,.,.,.,.,.,.,.,.,.,.,.,.,.,.,.,.,.,.,.,.,.,.,.,.,.,.,.,.,.,.,.,.,.,.,.,.,.,.,.,.,.,.,.,.,.,.,.,.,.,.,.,.,.,.,.,.,.,.,.,.,.,.,.,.,.,.,.,.,.,.,.,.,.,.,.,.,.,.,.,.,.,.,.,.,.,.,.,.,.,.,.,.,.,.,.,.,.,.,.,.,.,.,.,.,.,.,.,.,.,.,.,.,.,.,.,.,.,.,.,.,.,.,.,.,.,.,.,.,.,.,.,.,.,.,.,.,.,.,.,.,.,.,.,.,.,.,.,.,.,.,.,.,.,.,.,.,.,.,.,.,.,.,.,.,.,.,.,.,.,.,.,.,.,.,.,.,.,.,.,.,.,.,.,.,.,.,.,.,.,.,.,.,.,.,.,.,.,.,.,.,.,.,.,.,.,.,.,.,.,.,.,.,.,.,.,.,.,.,.,.,.,.,.,.,.,.,.,.,.,.,.,.,.,.,.,.,.,.,.,.,.
"2023","Yhteens�","SKS (2007)",.,.,.,.,.,.,.,.,.,.,.,.,.,.,.,.,.,.,.,.,.,.,.,.,.,.,.,.,.,.,.,.,.,.,.,.,.,.,.,.,.,.,.,.,.,.,.,.,.,.,.,.,.,.,.,.,.,.,.,.,.,.,.,.,.,.,.,.,.,.,.,.,.,.,.,.,.,.,.,.,.,.,.,.,.,.,.,.,.,.,.,.,.,.,.,.,.,.,.,.,.,.,.,.,.,.,.,.,.,.,.,.,.,.,.,.,.,.,.,.,.,.,.,.,.,.,.,.,.,.,.,.,.,.,.,.,.,.,.,.,.,.,.,.,.,.,.,.,.,.,.,.,.,.,.,.,.,.,.,.,.,.,.,.,.,.,.,.,.,.,.,.,.,.,.,.,.,.,.,.,.,.,.,.,.,.,.,.,.,.,.,.,.,.,.,.,.,.,.,.,.,.,.,.,.,.,.,.,.,.,.,.,.,.,.,.,.,.,.,.,.,.,.,.,.,.,.,.,.,.,.,.,.,.,.,.,.,.,.,.,.,.,.,.,.,.,.,.,.,.,.,.,.,.,.,.,.,.,.,.,.,.,.,.,.,.,.,.,.,.,.,.,.,.,.,.,.,.,.,.,.,.,.,.,.,.,.,.,.,.,.,.,.,.,.,.,.,.,.,.,.,.,.,.,.,.,.,.,.,.,.,.,.,.,.,.,.,.,.,.,.,.,.,.,.,.,.,.,.,.,.,.,.,.,.,.,.,.,.,.,.,.,.,.,.,.,.,.,.,.,.,.,.,.,.,.,.,.,.,.,.,.,.,.,.,.,.,.,.,.,.,.,.,.,.,.,.,.,.,.,.,.,.,.,.,.,.,.,.,.,.,.,.,.,.,.,.,.,.,.,.,.,.,.,.,.,.,.,.,.,.,.,.,.,.,.,.,.,.,.,.,.,.,.,.,.,.,.,.,.,.,.,.,.,.,.,.,.,.,.,.,.,.,.,.,.,.,.,.,.,.,.,.,.,.,.,.,.,.,.,.,.,.,.,.,.,.,.,.,.,.,.,.,.,.,.,.,.,.,.,.,.,.,.,.,.,.,.,.,.,.
"2023","Yhteens�","KIPU (2003)",.,.,.,.,.,.,.,.,.,.,.,.,.,.,.,.,.,.,.,.,.,.,.,.,.,.,.,.,.,.,.,.,.,.,.,.,.,.,.,.,.,.,.,.,.,.,.,.,.,.,.,.,.,.,.,.,.,.,.,.,.,.,.,.,.,.,.,.,.,.,.,.,.,.,.,.,.,.,.,.,.,.,.,.,.,.,.,.,.,.,.,.,.,.,.,.,.,.,.,.,.,.,.,.,.,.,.,.,.,.,.,.,.,.,.,.,.,.,.,.,.,.,.,.,.,.,.,.,.,.,.,.,.,.,.,.,.,.,.,.,.,.,.,.,.,.,.,.,.,.,.,.,.,.,.,.,.,.,.,.,.,.,.,.,.,.,.,.,.,.,.,.,.,.,.,.,.,.,.,.,.,.,.,.,.,.,.,.,.,.,.,.,.,.,.,.,.,.,.,.,.,.,.,.,.,.,.,.,.,.,.,.,.,.,.,.,.,.,.,.,.,.,.,.,.,.,.,.,.,.,.,.,.,.,.,.,.,.,.,.,.,.,.,.,.,.,.,.,.,.,.,.,.,.,.,.,.,.,.,.,.,.,.,.,.,.,.,.,.,.,.,.,.,.,.,.,.,.,.,.,.,.,.,.,.,.,.,.,.,.,.,.,.,.,.,.,.,.,.,.,.,.,.,.,.,.,.,.,.,.,.,.,.,.,.,.,.,.,.,.,.,.,.,.,.,.,.,.,.,.,.,.,.,.,.,.,.,.,.,.,.,.,.,.,.,.,.,.,.,.,.,.,.,.,.,.,.,.,.,.,.,.,.,.,.,.,.,.,.,.,.,.,.,.,.,.,.,.,.,.,.,.,.,.,.,.,.,.,.,.,.,.,.,.,.,.,.,.,.,.,.,.,.,.,.,.,.,.,.,.,.,.,.,.,.,.,.,.,.,.,.,.,.,.,.,.,.,.,.,.,.,.,.,.,.,.,.,.,.,.,.,.,.,.,.,.,.,.,.,.,.,.,.,.,.,.,.,.,.,.,.,.,.,.,.,.,.,.,.,.,.,.,.,.,.,.,.,.,.,.,.,.,.,.,.,.,.,.,.,.,.
"2023","Yhteens�","REM (1999)",.,.,.,.,.,.,.,.,.,.,.,.,.,.,.,.,.,.,.,.,.,.,.,.,.,.,.,.,.,.,.,.,.,.,.,.,.,.,.,.,.,.,.,.,.,.,.,.,.,.,.,.,.,.,.,.,.,.,.,.,.,.,.,.,.,.,.,.,.,.,.,.,.,.,.,.,.,.,.,.,.,.,.,.,.,.,.,.,.,.,.,.,.,.,.,.,.,.,.,.,.,.,.,.,.,.,.,.,.,.,.,.,.,.,.,.,.,.,.,.,.,.,.,.,.,.,.,.,.,.,.,.,.,.,.,.,.,.,.,.,.,.,.,.,.,.,.,.,.,.,.,.,.,.,.,.,.,.,.,.,.,.,.,.,.,.,.,.,.,.,.,.,.,.,.,.,.,.,.,.,.,.,.,.,.,.,.,.,.,.,.,.,.,.,.,.,.,.,.,.,.,.,.,.,.,.,.,.,.,.,.,.,.,.,.,.,.,.,.,.,.,.,.,.,.,.,.,.,.,.,.,.,.,.,.,.,.,.,.,.,.,.,.,.,.,.,.,.,.,.,.,.,.,.,.,.,.,.,.,.,.,.,.,.,.,.,.,.,.,.,.,.,.,.,.,.,.,.,.,.,.,.,.,.,.,.,.,.,.,.,.,.,.,.,.,.,.,.,.,.,.,.,.,.,.,.,.,.,.,.,.,.,.,.,.,.,.,.,.,.,.,.,.,.,.,.,.,.,.,.,.,.,.,.,.,.,.,.,.,.,.,.,.,.,.,.,.,.,.,.,.,.,.,.,.,.,.,.,.,.,.,.,.,.,.,.,.,.,.,.,.,.,.,.,.,.,.,.,.,.,.,.,.,.,.,.,.,.,.,.,.,.,.,.,.,.,.,.,.,.,.,.,.,.,.,.,.,.,.,.,.,.,.,.,.,.,.,.,.,.,.,.,.,.,.,.,.,.,.,.,.,.,.,.,.,.,.,.,.,.,.,.,.,.,.,.,.,.,.,.,.,.,.,.,.,.,.,.,.,.,.,.,.,.,.,.,.,.,.,.,.,.,.,.,.,.,.,.,.,.,.,.,.,.,.,.,.,.,.,.,.
"2023","Yhteens�","LLP (1999)",.,.,.,.,.,.,.,.,.,.,.,.,.,.,.,.,.,.,.,.,.,.,.,.,.,.,.,.,.,.,.,.,.,.,.,.,.,.,.,.,.,.,.,.,.,.,.,.,.,.,.,.,.,.,.,.,.,.,.,.,.,.,.,.,.,.,.,.,.,.,.,.,.,.,.,.,.,.,.,.,.,.,.,.,.,.,.,.,.,.,.,.,.,.,.,.,.,.,.,.,.,.,.,.,.,.,.,.,.,.,.,.,.,.,.,.,.,.,.,.,.,.,.,.,.,.,.,.,.,.,.,.,.,.,.,.,.,.,.,.,.,.,.,.,.,.,.,.,.,.,.,.,.,.,.,.,.,.,.,.,.,.,.,.,.,.,.,.,.,.,.,.,.,.,.,.,.,.,.,.,.,.,.,.,.,.,.,.,.,.,.,.,.,.,.,.,.,.,.,.,.,.,.,.,.,.,.,.,.,.,.,.,.,.,.,.,.,.,.,.,.,.,.,.,.,.,.,.,.,.,.,.,.,.,.,.,.,.,.,.,.,.,.,.,.,.,.,.,.,.,.,.,.,.,.,.,.,.,.,.,.,.,.,.,.,.,.,.,.,.,.,.,.,.,.,.,.,.,.,.,.,.,.,.,.,.,.,.,.,.,.,.,.,.,.,.,.,.,.,.,.,.,.,.,.,.,.,.,.,.,.,.,.,.,.,.,.,.,.,.,.,.,.,.,.,.,.,.,.,.,.,.,.,.,.,.,.,.,.,.,.,.,.,.,.,.,.,.,.,.,.,.,.,.,.,.,.,.,.,.,.,.,.,.,.,.,.,.,.,.,.,.,.,.,.,.,.,.,.,.,.,.,.,.,.,.,.,.,.,.,.,.,.,.,.,.,.,.,.,.,.,.,.,.,.,.,.,.,.,.,.,.,.,.,.,.,.,.,.,.,.,.,.,.,.,.,.,.,.,.,.,.,.,.,.,.,.,.,.,.,.,.,.,.,.,.,.,.,.,.,.,.,.,.,.,.,.,.,.,.,.,.,.,.,.,.,.,.,.,.,.,.,.,.,.,.,.,.,.,.,.,.,.,.,.,.,.,.,.,.,.
"2023","Yhteens�","SEP (1999)",.,.,.,.,.,.,.,.,.,.,.,.,.,.,.,.,.,.,.,.,.,.,.,.,.,.,.,.,.,.,.,.,.,.,.,.,.,.,.,.,.,.,.,.,.,.,.,.,.,.,.,.,.,.,.,.,.,.,.,.,.,.,.,.,.,.,.,.,.,.,.,.,.,.,.,.,.,.,.,.,.,.,.,.,.,.,.,.,.,.,.,.,.,.,.,.,.,.,.,.,.,.,.,.,.,.,.,.,.,.,.,.,.,.,.,.,.,.,.,.,.,.,.,.,.,.,.,.,.,.,.,.,.,.,.,.,.,.,.,.,.,.,.,.,.,.,.,.,.,.,.,.,.,.,.,.,.,.,.,.,.,.,.,.,.,.,.,.,.,.,.,.,.,.,.,.,.,.,.,.,.,.,.,.,.,.,.,.,.,.,.,.,.,.,.,.,.,.,.,.,.,.,.,.,.,.,.,.,.,.,.,.,.,.,.,.,.,.,.,.,.,.,.,.,.,.,.,.,.,.,.,.,.,.,.,.,.,.,.,.,.,.,.,.,.,.,.,.,.,.,.,.,.,.,.,.,.,.,.,.,.,.,.,.,.,.,.,.,.,.,.,.,.,.,.,.,.,.,.,.,.,.,.,.,.,.,.,.,.,.,.,.,.,.,.,.,.,.,.,.,.,.,.,.,.,.,.,.,.,.,.,.,.,.,.,.,.,.,.,.,.,.,.,.,.,.,.,.,.,.,.,.,.,.,.,.,.,.,.,.,.,.,.,.,.,.,.,.,.,.,.,.,.,.,.,.,.,.,.,.,.,.,.,.,.,.,.,.,.,.,.,.,.,.,.,.,.,.,.,.,.,.,.,.,.,.,.,.,.,.,.,.,.,.,.,.,.,.,.,.,.,.,.,.,.,.,.,.,.,.,.,.,.,.,.,.,.,.,.,.,.,.,.,.,.,.,.,.,.,.,.,.,.,.,.,.,.,.,.,.,.,.,.,.,.,.,.,.,.,.,.,.,.,.,.,.,.,.,.,.,.,.,.,.,.,.,.,.,.,.,.,.,.,.,.,.,.,.,.,.,.,.,.,.,.,.,.,.,.,.,.
"2023","Yhteens�","POP (1991)",.,.,.,.,.,.,.,.,.,.,.,.,.,.,.,.,.,.,.,.,.,.,.,.,.,.,.,.,.,.,.,.,.,.,.,.,.,.,.,.,.,.,.,.,.,.,.,.,.,.,.,.,.,.,.,.,.,.,.,.,.,.,.,.,.,.,.,.,.,.,.,.,.,.,.,.,.,.,.,.,.,.,.,.,.,.,.,.,.,.,.,.,.,.,.,.,.,.,.,.,.,.,.,.,.,.,.,.,.,.,.,.,.,.,.,.,.,.,.,.,.,.,.,.,.,.,.,.,.,.,.,.,.,.,.,.,.,.,.,.,.,.,.,.,.,.,.,.,.,.,.,.,.,.,.,.,.,.,.,.,.,.,.,.,.,.,.,.,.,.,.,.,.,.,.,.,.,.,.,.,.,.,.,.,.,.,.,.,.,.,.,.,.,.,.,.,.,.,.,.,.,.,.,.,.,.,.,.,.,.,.,.,.,.,.,.,.,.,.,.,.,.,.,.,.,.,.,.,.,.,.,.,.,.,.,.,.,.,.,.,.,.,.,.,.,.,.,.,.,.,.,.,.,.,.,.,.,.,.,.,.,.,.,.,.,.,.,.,.,.,.,.,.,.,.,.,.,.,.,.,.,.,.,.,.,.,.,.,.,.,.,.,.,.,.,.,.,.,.,.,.,.,.,.,.,.,.,.,.,.,.,.,.,.,.,.,.,.,.,.,.,.,.,.,.,.,.,.,.,.,.,.,.,.,.,.,.,.,.,.,.,.,.,.,.,.,.,.,.,.,.,.,.,.,.,.,.,.,.,.,.,.,.,.,.,.,.,.,.,.,.,.,.,.,.,.,.,.,.,.,.,.,.,.,.,.,.,.,.,.,.,.,.,.,.,.,.,.,.,.,.,.,.,.,.,.,.,.,.,.,.,.,.,.,.,.,.,.,.,.,.,.,.,.,.,.,.,.,.,.,.,.,.,.,.,.,.,.,.,.,.,.,.,.,.,.,.,.,.,.,.,.,.,.,.,.,.,.,.,.,.,.,.,.,.,.,.,.,.,.,.,.,.,.,.,.,.,.,.,.,.,.,.,.,.,.,.,.,.,.,.
"2023","Yhteens�","Muut",0.5,0.0,0.0,0.1,0.0,0.0,0.1,0.1,0.1,0.1,0.1,0.1,0.0,0.1,0.1,0.1,0.0,.,.,.,0.1,.,.,.,.,.,0.0,0.1,0.1,0.0,0.0,0.0,.,.,0.1,.,.,.,.,0.0,0.1,0.1,0.1,0.0,0.0,0.0,.,0.0,0.0,0.0,.,.,.,0.0,0.0,.,0.0,.,.,.,0.0,.,.,.,.,.,0.0,0.0,.,.,0.0,.,0.0,.,.,.,0.0,0.0,0.0,0.0,0.0,.,.,0.0,0.0,.,0.1,.,.,.,.,.,.,.,.,.,0.0,0.0,0.0,0.0,0.0,.,0.0,0.0,0.0,.,0.0,.,0.0,0.0,.,0.0,0.0,.,0.0,0.0,0.0,0.0,0.0,0.0,.,.,0.0,.,.,.,0.0,0.0,.,0.0,.,0.0,0.0,0.0,0.0,0.0,0.0,0.0,.,0.0,0.0,.,.,.,.,.,0.0,.,.,0.0,0.0,0.0,0.0,0.0,.,0.0,0.0,.,0.0,0.0,0.0,0.0,0.0,0.0,0.0,.,.,.,0.0,0.1,0.0,0.0,.,.,0.0,0.2,0.0,0.0,.,.,0.0,0.0,0.0,0.0,0.0,0.1,.,0.1,0.0,.,.,.,.,.,0.0,0.0,0.0,0.0,0.0,0.0,.,.,0.0,.,.,0.0,0.0,.,0.0,0.0,0.0,0.0,0.0,0.0,.,.,.,.,.,0.0,.,.,.,0.0,0.0,0.0,0.0,.,.,.,.,.,0.0,0.0,.,.,0.0,0.0,.,.,.,0.0,0.0,0.0,0.0,0.0,0.0,0.0,.,.,.,0.0,0.0,0.0,0.0,.,.,0.0,0.0,0.0,0.0,.,.,.,.,0.0,0.0,0.0,0.0,0.1,.,0.0,0.0,0.0,.,.,.,.,.,0.0,0.0,.,0.0,0.0,0.0,0.4,.,0.0,0.0,0.1,0.0,0.0,0.0,0.0,0.0,0.0,0.1,.,0.0,0.0,.,0.0,0.0,0.0,0.0,.,0.0,.,0.0,0.0,0.0,0.0,0.0,0.0,0.0,0.0,0.0,0.0,.,.,.,0.0,0.0,.,.,.,0.0,0.0,0.0,0.0,0.0,.,.,0.0,0.0,0.0,0.0,0.0,0.0,0.0,0.0,0.0,0.0,0.0,0.0,.,.,.,0.0,0.0,0.0,0.0,0.0,.,0.0,0.0,0.0,.,.,.,.,0.0,0.0,0.0,0.0,.,0.0,.,.,.,0.0,.,.,.,0.0,0.0,0.0,0.0,0.0,0.0,0.0,0.0,0.0,0.0,0.0,0.0,0.0,0.0,.,0.0,0.0,0.0,0.0,.,.,.,0.0,0.0,0.0,0.0,0.0,0.0,0.0,.,0.0,.,0.0,.,0.0,0.0,0.0,0.0,0.0,0.0,0.0,0.0,0.0,0.0,0.0,.,.,.,.,.,0.0,0.0,0.0,0.0,0.0,0.0,0.0,.,.,0.0,0.0,0.0,0.0,.,0.0,0.0,0.0,0.0,.,.,.,.,0.0,0.0,.,0.0,0.0,1.3,1.8,0.4,0.8,4.1,5.7,10.4,0.4,1.3,0.2,0.4,1.1,0.4,.,0.5,0.2,0.9,2.8,0.6,0.4,0.4,0.1,2.0,100.0,100.0,100.0,100.0,100.0,100.0,100.0,100.0,100.0,100.0,100.0,100.0,100.0,100.0,100.0,100.0,100.0
